/*
 Navicat Premium Data Transfer

 Source Server         : vks
 Source Server Type    : MySQL
 Source Server Version : 80036
 Source Host           : localhost:3306
 Source Schema         : stock_data

 Target Server Type    : MySQL
 Target Server Version : 80036
 File Encoding         : 65001

 Date: 01/07/2024 16:03:47
*/

SET NAMES utf8mb4;
SET FOREIGN_KEY_CHECKS = 0;

-- ----------------------------
-- Table structure for aapl_monthly_data
-- ----------------------------
DROP TABLE IF EXISTS `aapl_monthly_data`;
CREATE TABLE `aapl_monthly_data`  (
  `timestamp` date NULL DEFAULT NULL,
  `open` double NULL DEFAULT NULL,
  `high` double NULL DEFAULT NULL,
  `low` double NULL DEFAULT NULL,
  `close` double NULL DEFAULT NULL,
  `adjusted close` double NULL DEFAULT NULL,
  `volume` int NULL DEFAULT NULL,
  `dividend amount` double NULL DEFAULT NULL
) ENGINE = InnoDB CHARACTER SET = utf8mb4 COLLATE = utf8mb4_0900_ai_ci ROW_FORMAT = Dynamic;

-- ----------------------------
-- Records of aapl_monthly_data
-- ----------------------------
INSERT INTO `aapl_monthly_data` VALUES ('2016-02-29', 96.47, 98.89, 92.59, 96.69, 22.0646, 810862547, 0.52);
INSERT INTO `aapl_monthly_data` VALUES ('2016-01-29', 102.61, 105.85, 92.39, 97.34, 22.094, 1271848087, 0);
INSERT INTO `aapl_monthly_data` VALUES ('2015-12-31', 118.75, 119.86, 104.82, 105.26, 23.8916, 922626259, 0);
INSERT INTO `aapl_monthly_data` VALUES ('2015-11-30', 119.87, 123.82, 111, 118.3, 26.8514, 750606735, 0.52);
INSERT INTO `aapl_monthly_data` VALUES ('2015-10-30', 109.07, 121.22, 107.31, 119.5, 27.0076, 1113703829, 0);
INSERT INTO `aapl_monthly_data` VALUES ('2015-09-30', 110.18, 116.89, 107.36, 109.95, 24.8493, 1203789074, 0);
INSERT INTO `aapl_monthly_data` VALUES ('2015-08-31', 121.5, 122.57, 92, 112.76, 25.4844, 1606359115, 0.52);
INSERT INTO `aapl_monthly_data` VALUES ('2015-07-31', 126.9, 132.97, 119.22, 121.3, 27.2912, 1058280697, 0);
INSERT INTO `aapl_monthly_data` VALUES ('2015-06-30', 131.2, 131.39, 124.48, 125.425, 28.2193, 878606841, 0);
INSERT INTO `aapl_monthly_data` VALUES ('2015-05-29', 126.1, 132.97, 123.36, 130.28, 29.3116, 954152126, 0.52);
INSERT INTO `aapl_monthly_data` VALUES ('2015-04-30', 124.82, 134.54, 123.1, 125.15, 28.041, 996135511, 0);
INSERT INTO `aapl_monthly_data` VALUES ('2015-03-31', 129.25, 130.28, 121.63, 124.43, 27.8796, 1138641910, 0);
INSERT INTO `aapl_monthly_data` VALUES ('2015-02-27', 118.05, 133.6, 116.08, 128.46, 28.7826, 1136535493, 0.47);
INSERT INTO `aapl_monthly_data` VALUES ('2015-01-30', 111.39, 120, 104.63, 117.16, 26.1483, 1304879185, 0);
INSERT INTO `aapl_monthly_data` VALUES ('2014-12-31', 118.81, 119.25, 106.26, 110.38, 24.6351, 1073775862, 0);
INSERT INTO `aapl_monthly_data` VALUES ('2014-11-28', 108.22, 119.75, 107.72, 118.93, 26.5433, 820471729, 0.47);
INSERT INTO `aapl_monthly_data` VALUES ('2014-10-31', 100.59, 108.04, 95.18, 108, 24.0001, 1360280122, 0);
INSERT INTO `aapl_monthly_data` VALUES ('2014-09-30', 103.06, 103.74, 96.14, 100.75, 22.389, 1523782675, 0);
INSERT INTO `aapl_monthly_data` VALUES ('2014-08-29', 94.9, 102.9, 93.28, 102.5, 22.7779, 930931500, 0.47);
INSERT INTO `aapl_monthly_data` VALUES ('2014-07-31', 93.52, 99.44, 92.57, 95.6, 21.1394, 1035191700, 0);
INSERT INTO `aapl_monthly_data` VALUES ('2014-06-30', 633.96, 651.26, 89.65, 92.93, 20.549, 853194497, 0);
INSERT INTO `aapl_monthly_data` VALUES ('2014-05-30', 592, 644.17, 580.33, 633, 19.9959, 204845300, 3.29);
INSERT INTO `aapl_monthly_data` VALUES ('2014-04-30', 537.76, 599.43, 511.33, 590.09, 18.5367, 229823600, 0);
INSERT INTO `aapl_monthly_data` VALUES ('2014-03-31', 523.42, 549, 522.81, 536.74, 16.8608, 178632100, 0);
INSERT INTO `aapl_monthly_data` VALUES ('2014-02-28', 502.61, 551.19, 499.3, 526.24, 16.5309, 210013100, 3.05);
INSERT INTO `aapl_monthly_data` VALUES ('2014-01-31', 555.68, 560.2, 493.55, 500.6, 15.6325, 313069800, 0);
INSERT INTO `aapl_monthly_data` VALUES ('2013-12-31', 558, 575.1358, 538.8, 561.02, 17.5192, 252049900, 0);
INSERT INTO `aapl_monthly_data` VALUES ('2013-11-29', 524.02, 558.33, 512.38, 556.07, 17.3646, 186612700, 3.05);
INSERT INTO `aapl_monthly_data` VALUES ('2013-10-31', 478.45, 539.25, 478.28, 522.702, 16.2276, 279919000, 0);
INSERT INTO `aapl_monthly_data` VALUES ('2013-09-30', 493.1, 507.92, 447.22, 476.75, 14.801, 308247900, 0);
INSERT INTO `aapl_monthly_data` VALUES ('2013-08-30', 455.7527, 513.74, 453.26, 487.216, 15.1259, 287797800, 3.05);
INSERT INTO `aapl_monthly_data` VALUES ('2013-07-31', 402.69, 457.3425, 401.22, 452.53, 13.9568, 233504100, 0);
INSERT INTO `aapl_monthly_data` VALUES ('2013-06-28', 450.73, 454.43, 388.87, 396.53, 12.2296, 250662000, 0);
INSERT INTO `aapl_monthly_data` VALUES ('2013-05-31', 444.46, 465.75, 418.9, 449.735, 13.8706, 337411800, 3.05);
INSERT INTO `aapl_monthly_data` VALUES ('2013-04-30', 441.9, 445.25, 385.1, 442.78, 13.5655, 391553200, 0);
INSERT INTO `aapl_monthly_data` VALUES ('2013-03-28', 438, 469.95, 419, 442.66, 13.5618, 327745600, 0);
INSERT INTO `aapl_monthly_data` VALUES ('2013-02-28', 459.11, 484.94, 437.66, 441.4, 13.5232, 333715500, 2.65);
INSERT INTO `aapl_monthly_data` VALUES ('2013-01-31', 553.82, 555, 435, 455.49, 13.8763, 468693700, 0);
INSERT INTO `aapl_monthly_data` VALUES ('2012-12-31', 593.65, 594.59, 501.23, 532.1729, 16.2124, 433312600, 0);
INSERT INTO `aapl_monthly_data` VALUES ('2012-11-30', 598.22, 603, 505.7501, 585.28, 17.8303, 461780400, 2.65);
INSERT INTO `aapl_monthly_data` VALUES ('2012-10-31', 671.5, 676.75, 587.7, 595.32, 18.0505, 433672500, 0);
INSERT INTO `aapl_monthly_data` VALUES ('2012-09-28', 665.76, 705.07, 656, 667.105, 20.227, 328535900, 0);
INSERT INTO `aapl_monthly_data` VALUES ('2012-08-31', 615.905, 680.87, 600.25, 665.24, 20.1705, 295578800, 2.65);
INSERT INTO `aapl_monthly_data` VALUES ('2012-07-31', 584.73, 619.87, 570, 610.76, 18.4399, 318201800, 0);
INSERT INTO `aapl_monthly_data` VALUES ('2012-06-29', 569.16, 590, 548.5, 584, 17.632, 280565200, 0);
INSERT INTO `aapl_monthly_data` VALUES ('2012-05-31', 584.9, 596.76, 522.18, 577.73, 17.4427, 396655200, 0);
INSERT INTO `aapl_monthly_data` VALUES ('2012-04-30', 601.83, 644, 555, 583.98, 17.6314, 557106800, 0);
INSERT INTO `aapl_monthly_data` VALUES ('2012-03-30', 548.17, 621.45, 516.221, 599.55, 18.1014, 556583500, 0);
INSERT INTO `aapl_monthly_data` VALUES ('2012-02-29', 458.41, 547.61, 453.98, 542.44, 16.3772, 406019800, 0);
INSERT INTO `aapl_monthly_data` VALUES ('2012-01-31', 409.4, 458.24, 409, 456.48, 13.7819, 244994800, 0);
INSERT INTO `aapl_monthly_data` VALUES ('2011-12-30', 382.54, 409.09, 377.68, 405, 12.2276, 225233300, 0);
INSERT INTO `aapl_monthly_data` VALUES ('2011-11-30', 397.41, 408, 363.32, 382.2, 11.5393, 320132200, 0);
INSERT INTO `aapl_monthly_data` VALUES ('2011-10-31', 380.37, 426.7, 354.24, 404.78, 12.221, 469336700, 0);
INSERT INTO `aapl_monthly_data` VALUES ('2011-09-30', 385.82, 422.86, 366.48, 381.32, 11.5127, 427766000, 0);
INSERT INTO `aapl_monthly_data` VALUES ('2011-08-31', 397.78, 399.5, 353.02, 384.83, 11.6187, 576521400, 0);
INSERT INTO `aapl_monthly_data` VALUES ('2011-07-29', 335.95, 404.5, 334.2, 390.48, 11.7893, 380498100, 0);
INSERT INTO `aapl_monthly_data` VALUES ('2011-06-30', 348.87, 352.132, 310.5, 335.67, 10.1345, 330851800, 0);
INSERT INTO `aapl_monthly_data` VALUES ('2011-05-31', 349.74, 351.83, 329.42, 347.83, 10.5016, 246859300, 0);
INSERT INTO `aapl_monthly_data` VALUES ('2011-04-29', 351.11, 355.13, 320.16, 350.13, 10.571, 330493900, 0);
INSERT INTO `aapl_monthly_data` VALUES ('2011-03-31', 355.47, 361.67, 326.26, 348.5075, 10.522, 403802100, 0);
INSERT INTO `aapl_monthly_data` VALUES ('2011-02-28', 341.3, 364.9, 337.72, 353.21, 10.664, 331998200, 0);
INSERT INTO `aapl_monthly_data` VALUES ('2011-01-31', 325.64, 348.6, 324.8365, 339.32, 10.2447, 387197700, 0);
INSERT INTO `aapl_monthly_data` VALUES ('2010-12-31', 315.27, 326.66, 314.89, 322.56, 9.7386, 249044100, 0);
INSERT INTO `aapl_monthly_data` VALUES ('2010-11-30', 302.22, 321.3, 297.76, 311.15, 9.3942, 339574500, 0);
INSERT INTO `aapl_monthly_data` VALUES ('2010-10-29', 283.75, 319, 277.77, 300.98, 9.0871, 436949200, 0);
INSERT INTO `aapl_monthly_data` VALUES ('2010-09-30', 247.47, 294.73, 246.28, 283.75, 8.5669, 423211400, 0);
INSERT INTO `aapl_monthly_data` VALUES ('2010-08-31', 260.44, 264.28, 235.56, 243.1, 7.3396, 342468600, 0);
INSERT INTO `aapl_monthly_data` VALUES ('2010-07-30', 254.3, 265.99, 239.6, 257.25, 7.7668, 559632300, 0);
INSERT INTO `aapl_monthly_data` VALUES ('2010-06-30', 259.69, 279.01, 242.2, 251.53, 7.5941, 594687600, 0);
INSERT INTO `aapl_monthly_data` VALUES ('2010-05-28', 263.84, 267.88, 199.25, 256.88, 7.7557, 645809100, 0);
INSERT INTO `aapl_monthly_data` VALUES ('2010-04-30', 237.49, 272.46, 232.75, 261.09, 7.8828, 441683200, 0);
INSERT INTO `aapl_monthly_data` VALUES ('2010-03-31', 205.75, 237.48, 205.45, 235, 7.0951, 434077600, 0);
INSERT INTO `aapl_monthly_data` VALUES ('2010-02-26', 192.37, 205.17, 190.85, 204.62, 6.1778, 384860000, 0);
INSERT INTO `aapl_monthly_data` VALUES ('2010-01-29', 213.43, 215.59, 190.25, 192.063, 5.7987, 541749800, 0);
INSERT INTO `aapl_monthly_data` VALUES ('2009-12-31', 202.24, 213.95, 188.68, 210.732, 6.3624, 406927100, 0);
INSERT INTO `aapl_monthly_data` VALUES ('2009-11-30', 189.8, 208, 185.57, 199.91, 6.0356, 301956600, 0);
INSERT INTO `aapl_monthly_data` VALUES ('2009-10-30', 185.35, 208.7099, 180.7, 188.5, 5.6911, 462720600, 0);
INSERT INTO `aapl_monthly_data` VALUES ('2009-09-30', 167.99, 188.9, 164.11, 185.35, 5.596, 356761400, 0);
INSERT INTO `aapl_monthly_data` VALUES ('2009-08-31', 165.21, 172.49, 159.42, 168.21, 5.0786, 291611600, 0);
INSERT INTO `aapl_monthly_data` VALUES ('2009-07-31', 143.5, 165, 134.42, 163.39, 4.933, 390790600, 0);
INSERT INTO `aapl_monthly_data` VALUES ('2009-06-30', 136.47, 146.4, 132.88, 142.43, 4.3002, 452699000, 0);
INSERT INTO `aapl_monthly_data` VALUES ('2009-05-29', 125.8, 135.9, 119.38, 135.81, 4.1003, 337755100, 0);
INSERT INTO `aapl_monthly_data` VALUES ('2009-04-30', 104.09, 127.2, 103.89, 125.83, 3.799, 422202900, 0);
INSERT INTO `aapl_monthly_data` VALUES ('2009-03-31', 89.31, 109.98, 82.33, 105.12, 3.1738, 550878500, 0);
INSERT INTO `aapl_monthly_data` VALUES ('2009-02-27', 89.1, 103, 86.51, 89.31, 2.6964, 495266100, 0);
INSERT INTO `aapl_monthly_data` VALUES ('2009-01-30', 85.88, 97.17, 78.2, 90.13, 2.7212, 646633600, 0);
INSERT INTO `aapl_monthly_data` VALUES ('2008-12-31', 91.3, 103.6, 84.55, 85.35, 2.5769, 721923100, 0);
INSERT INTO `aapl_monthly_data` VALUES ('2008-11-28', 105.93, 111.79, 79.14, 92.67, 2.7979, 843552200, 0);
INSERT INTO `aapl_monthly_data` VALUES ('2008-10-31', 111.92, 116.4, 85, 107.59, 3.2483, 1479525400, 0);
INSERT INTO `aapl_monthly_data` VALUES ('2008-09-30', 172.4, 173.5, 100.59, 113.66, 3.4316, 859555800, 0);
INSERT INTO `aapl_monthly_data` VALUES ('2008-08-29', 159.94, 180.45, 152.91, 169.53, 5.1184, 467348400, 0);
INSERT INTO `aapl_monthly_data` VALUES ('2008-07-31', 164.05, 180.91, 146.53, 158.95, 4.799, 705348600, 0);
INSERT INTO `aapl_monthly_data` VALUES ('2008-06-30', 188.5, 189.95, 164.15, 167.44, 5.0553, 695564100, 0);
INSERT INTO `aapl_monthly_data` VALUES ('2008-05-30', 175.01, 192.24, 172, 188.75, 5.6987, 663864800, 0);
INSERT INTO `aapl_monthly_data` VALUES ('2008-04-30', 146.3, 180, 143.61, 173.95, 5.2519, 813820800, 0);
INSERT INTO `aapl_monthly_data` VALUES ('2008-03-31', 124.44, 145.74, 118, 143.5, 4.3325, 818831200, 0);
INSERT INTO `aapl_monthly_data` VALUES ('2008-02-29', 136.24, 136.59, 115.44, 125.02, 3.7746, 888069800, 0);
INSERT INTO `aapl_monthly_data` VALUES ('2008-01-31', 199.27, 200.26, 126.14, 135.36, 4.0868, 1256210300, 0);
INSERT INTO `aapl_monthly_data` VALUES ('2007-12-31', 181.86, 202.96, 176.99, 198.08, 5.9804, 616167100, 0);
INSERT INTO `aapl_monthly_data` VALUES ('2007-11-30', 188.6, 192.68, 150.63, 182.22, 5.5015, 935706800, 0);
INSERT INTO `aapl_monthly_data` VALUES ('2007-10-31', 154.63, 190.12, 152.93, 189.95, 5.7349, 831349700, 0);
INSERT INTO `aapl_monthly_data` VALUES ('2007-09-28', 139.94, 155, 130, 153.47, 4.6335, 747543700, 0);
INSERT INTO `aapl_monthly_data` VALUES ('2007-08-31', 133.64, 139.65, 111.62, 138.48, 4.181, 870028500, 0);
INSERT INTO `aapl_monthly_data` VALUES ('2007-07-31', 121.05, 148.92, 119.3, 131.76, 3.9781, 857806200, 0);
INSERT INTO `aapl_monthly_data` VALUES ('2007-06-29', 121.1, 127.61, 115.4, 122.04, 3.6846, 831412200, 0);
INSERT INTO `aapl_monthly_data` VALUES ('2007-05-31', 99.59, 122.17, 98.55, 121.191, 3.659, 620181000, 0);
INSERT INTO `aapl_monthly_data` VALUES ('2007-04-30', 94.14, 102.5, 89.6, 99.8, 3.0131, 480705000, 0);
INSERT INTO `aapl_monthly_data` VALUES ('2007-03-30', 84.03, 96.83, 83.75, 92.91, 2.8051, 568523000, 0);
INSERT INTO `aapl_monthly_data` VALUES ('2007-02-28', 86.23, 90.81, 82.86, 84.61, 2.5545, 490084100, 0);
INSERT INTO `aapl_monthly_data` VALUES ('2007-01-31', 86.29, 97.8, 81.9, 85.73, 2.5883, 971777900, 0);
INSERT INTO `aapl_monthly_data` VALUES ('2006-12-29', 91.8, 92.33, 76.77, 84.84, 2.5615, 603242600, 0);
INSERT INTO `aapl_monthly_data` VALUES ('2006-11-30', 81.1, 93.159, 77.79, 91.66, 2.7674, 494103000, 0);
INSERT INTO `aapl_monthly_data` VALUES ('2006-10-31', 75.1, 82.6, 72.6, 81.08, 2.4479, 513855600, 0);
INSERT INTO `aapl_monthly_data` VALUES ('2006-09-29', 68.48, 77.78, 67.82, 76.98, 2.3242, 632912800, 0);
INSERT INTO `aapl_monthly_data` VALUES ('2006-08-31', 67.22, 70, 62.58, 67.85, 2.0485, 638844500, 0);
INSERT INTO `aapl_monthly_data` VALUES ('2006-07-31', 57.52, 68.63, 50.16, 67.96, 2.0518, 624276500, 0);
INSERT INTO `aapl_monthly_data` VALUES ('2006-06-30', 59.85, 63.1, 55.41, 57.27, 1.7291, 640593700, 0);
INSERT INTO `aapl_monthly_data` VALUES ('2006-05-31', 70.78, 73.8, 58.69, 59.77, 1.8046, 557456400, 0);
INSERT INTO `aapl_monthly_data` VALUES ('2006-04-28', 63.66, 72.05, 61.05, 70.39, 2.1252, 718545800, 0);
INSERT INTO `aapl_monthly_data` VALUES ('2006-03-31', 69, 69.99, 57.67, 62.72, 1.8936, 828308300, 0);
INSERT INTO `aapl_monthly_data` VALUES ('2006-02-28', 75, 76.46, 62.9, 68.49, 2.0678, 670024900, 0);
INSERT INTO `aapl_monthly_data` VALUES ('2006-01-31', 72.332, 86.4, 70.87, 75.51, 2.2798, 781370400, 0);
INSERT INTO `aapl_monthly_data` VALUES ('2005-12-30', 68.95, 75.46, 68.81, 71.89, 2.1705, 466577300, 0);
INSERT INTO `aapl_monthly_data` VALUES ('2005-11-30', 57.24, 71.07, 56.87, 67.82, 2.0476, 480586700, 0);
INSERT INTO `aapl_monthly_data` VALUES ('2005-10-31', 54.16, 57.98, 47.87, 57.59, 1.7387, 665837400, 0);
INSERT INTO `aapl_monthly_data` VALUES ('2005-09-30', 47, 54.56, 46.09, 53.61, 1.6186, 440991800, 0);
INSERT INTO `aapl_monthly_data` VALUES ('2005-08-31', 42.6, 48.33, 42.02, 46.89, 1.4157, 335743100, 0);
INSERT INTO `aapl_monthly_data` VALUES ('2005-07-29', 36.83, 44.38, 36.29, 42.65, 1.2877, 360508800, 0);
INSERT INTO `aapl_monthly_data` VALUES ('2005-06-30', 39.89, 40.76, 35.52, 36.81, 1.1114, 404542700, 0);
INSERT INTO `aapl_monthly_data` VALUES ('2005-05-31', 36.21, 40.94, 33.11, 39.7593, 1.2004, 459224800, 0);
INSERT INTO `aapl_monthly_data` VALUES ('2005-04-29', 42.09, 44.45, 34, 36.06, 1.0887, 691982800, 0);
INSERT INTO `aapl_monthly_data` VALUES ('2005-03-31', 44.99, 45.11, 38.83, 41.67, 1.2581, 524140000, 0);
INSERT INTO `aapl_monthly_data` VALUES ('2005-02-28', 77.05, 90.88, 43.96, 44.86, 1.3544, 383016900, 0);
INSERT INTO `aapl_monthly_data` VALUES ('2005-01-31', 64.78, 77.89, 62.6, 76.9, 1.1609, 459075800, 0);
INSERT INTO `aapl_monthly_data` VALUES ('2004-12-31', 67.79, 67.95, 61.6, 64.4, 0.9722, 284796700, 0);
INSERT INTO `aapl_monthly_data` VALUES ('2004-11-30', 52.5, 69.57, 52.04, 67.05, 1.0122, 311421500, 0);
INSERT INTO `aapl_monthly_data` VALUES ('2004-10-29', 39.15, 53.2, 37.65, 52.4, 0.791, 287399400, 0);
INSERT INTO `aapl_monthly_data` VALUES ('2004-09-30', 34.3, 39.27, 34.19, 38.75, 0.585, 137026900, 0);
INSERT INTO `aapl_monthly_data` VALUES ('2004-08-31', 31.18, 35.18, 29.7, 34.49, 0.5207, 143060100, 0);
INSERT INTO `aapl_monthly_data` VALUES ('2004-07-30', 32.08, 33.63, 28.74, 32.34, 0.4882, 173153200, 0);
INSERT INTO `aapl_monthly_data` VALUES ('2004-06-30', 27.79, 34.19, 27.61, 32.54, 0.4912, 146914900, 0);
INSERT INTO `aapl_monthly_data` VALUES ('2004-05-28', 26, 28.78, 25.5, 28.06, 0.4236, 94719200, 0);
INSERT INTO `aapl_monthly_data` VALUES ('2004-04-30', 26.9, 29.58, 25.49, 25.78, 0.3892, 159467400, 0);
INSERT INTO `aapl_monthly_data` VALUES ('2004-03-31', 24.09, 28.14, 23.6, 27.04, 0.4082, 207609200, 0);
INSERT INTO `aapl_monthly_data` VALUES ('2004-02-27', 22.46, 24.1, 21.7, 23.92, 0.3611, 87893400, 0);
INSERT INTO `aapl_monthly_data` VALUES ('2004-01-30', 21.55, 24.84, 21.18, 22.56, 0.3406, 141567900, 0);
INSERT INTO `aapl_monthly_data` VALUES ('2003-12-31', 21.04, 21.9, 19.25, 21.37, 0.3226, 97390600, 0);
INSERT INTO `aapl_monthly_data` VALUES ('2003-11-28', 22.83, 23.3, 19.85, 20.91, 0.3157, 88823300, 0);
INSERT INTO `aapl_monthly_data` VALUES ('2003-10-31', 20.75, 25.011, 20.19, 22.89, 0.3455, 125717700, 0);
INSERT INTO `aapl_monthly_data` VALUES ('2003-09-30', 22.66, 23.32, 20.149, 20.72, 0.3128, 95490800, 0);
INSERT INTO `aapl_monthly_data` VALUES ('2003-08-29', 21, 22.85, 19.42, 22.61, 0.3413, 76920800, 0);
INSERT INTO `aapl_monthly_data` VALUES ('2003-07-31', 18.87, 21.57, 18.51, 21.08, 0.3182, 93183400, 0);
INSERT INTO `aapl_monthly_data` VALUES ('2003-06-30', 18.1, 19.69, 16.63, 19.06, 0.2877, 109166700, 0);
INSERT INTO `aapl_monthly_data` VALUES ('2003-05-30', 14.25, 19, 14, 17.95, 0.271, 193063300, 0);
INSERT INTO `aapl_monthly_data` VALUES ('2003-04-30', 14.2, 14.95, 12.72, 14.22, 0.2147, 138845400, 0);
INSERT INTO `aapl_monthly_data` VALUES ('2003-03-31', 15.01, 15.16, 14.04, 14.14, 0.2135, 71935800, 0);
INSERT INTO `aapl_monthly_data` VALUES ('2003-02-28', 14.41, 15.3, 13.8, 15.01, 0.2266, 73469700, 0);
INSERT INTO `aapl_monthly_data` VALUES ('2003-01-31', 14.36, 15.38, 13.56, 14.36, 0.2168, 107961300, 0);
INSERT INTO `aapl_monthly_data` VALUES ('2002-12-31', 15.9, 16.1, 13.78, 14.33, 0.2163, 80900700, 0);
INSERT INTO `aapl_monthly_data` VALUES ('2002-11-29', 15.94, 17.38, 15.01, 15.5, 0.234, 80923600, 0);
INSERT INTO `aapl_monthly_data` VALUES ('2002-10-31', 14.59, 16.44, 13.36, 16.07, 0.2426, 118061300, 0);
INSERT INTO `aapl_monthly_data` VALUES ('2002-09-30', 14.49, 15.19, 14.05, 14.5, 0.2189, 94497100, 0);
INSERT INTO `aapl_monthly_data` VALUES ('2002-08-30', 15.11, 16.25, 13.97, 14.75, 0.2227, 91994400, 0);
INSERT INTO `aapl_monthly_data` VALUES ('2002-07-31', 17.71, 18.79, 13.8, 15.26, 0.2304, 144971700, 0);
INSERT INTO `aapl_monthly_data` VALUES ('2002-06-28', 23.39, 23.45, 15.98, 17.72, 0.2675, 155500300, 0);
INSERT INTO `aapl_monthly_data` VALUES ('2002-05-31', 24.29, 25.98, 22.14, 23.3, 0.3517, 106717100, 0);
INSERT INTO `aapl_monthly_data` VALUES ('2002-04-30', 24.7, 26.17, 23, 24.27, 0.3664, 114693500, 0);
INSERT INTO `aapl_monthly_data` VALUES ('2002-03-28', 21.93, 25.3, 21.82, 23.67, 0.3573, 94974700, 0);
INSERT INTO `aapl_monthly_data` VALUES ('2002-02-28', 24.96, 25.98, 20.94, 21.7, 0.3276, 139954000, 0);
INSERT INTO `aapl_monthly_data` VALUES ('2002-01-31', 22.05, 24.73, 20.26, 24.72, 0.3732, 152060300, 0);
INSERT INTO `aapl_monthly_data` VALUES ('2001-12-31', 21.06, 24.03, 20.09, 21.9, 0.3306, 82675700, 0);
INSERT INTO `aapl_monthly_data` VALUES ('2001-11-30', 17.65, 21.55, 17.25, 21.3, 0.3215, 95888300, 0);
INSERT INTO `aapl_monthly_data` VALUES ('2001-10-31', 15.49, 19.42, 14.83, 17.56, 0.2651, 134718700, 0);
INSERT INTO `aapl_monthly_data` VALUES ('2001-09-28', 18.5, 19.08, 14.68, 15.51, 0.2341, 98777200, 0);
INSERT INTO `aapl_monthly_data` VALUES ('2001-08-31', 19.01, 19.9, 17.28, 18.55, 0.28, 91595700, 0);
INSERT INTO `aapl_monthly_data` VALUES ('2001-07-31', 23.64, 25.22, 17.85, 18.79, 0.2837, 154555400, 0);
INSERT INTO `aapl_monthly_data` VALUES ('2001-06-29', 20.13, 25.1, 19.35, 23.25, 0.351, 136397600, 0);
INSERT INTO `aapl_monthly_data` VALUES ('2001-05-31', 25.41, 26.7, 19.3, 19.95, 0.3012, 133364900, 0);
INSERT INTO `aapl_monthly_data` VALUES ('2001-04-30', 22.09, 27.12, 18.75, 25.49, 0.3848, 199267700, 0);
INSERT INTO `aapl_monthly_data` VALUES ('2001-03-30', 17.81, 23.75, 17.19, 22.07, 0.3332, 192840400, 0);
INSERT INTO `aapl_monthly_data` VALUES ('2001-02-28', 20.69, 21.94, 18, 18.25, 0.2755, 125424400, 0);
INSERT INTO `aapl_monthly_data` VALUES ('2001-01-31', 14.88, 22.5, 14.44, 21.62, 0.3264, 244811800, 0);
INSERT INTO `aapl_monthly_data` VALUES ('2000-12-29', 17, 17.5, 13.63, 14.88, 0.2246, 158195900, 0);
INSERT INTO `aapl_monthly_data` VALUES ('2000-11-30', 19.44, 23, 16.12, 16.5, 0.2491, 151578100, 0);
INSERT INTO `aapl_monthly_data` VALUES ('2000-10-31', 26.69, 26.75, 17.5, 19.56, 0.2953, 391174800, 0);
INSERT INTO `aapl_monthly_data` VALUES ('2000-09-29', 61.31, 64.12, 25.37, 25.75, 0.3887, 259230900, 0);
INSERT INTO `aapl_monthly_data` VALUES ('2000-08-31', 50.31, 61.5, 44.25, 60.94, 0.9199, 100644400, 0);
INSERT INTO `aapl_monthly_data` VALUES ('2000-07-31', 52.13, 60.63, 46.88, 50.81, 0.767, 102620900, 0);
INSERT INTO `aapl_monthly_data` VALUES ('2000-06-30', 81.75, 103.94, 50.31, 52.38, 0.7907, 89106200, 0);
INSERT INTO `aapl_monthly_data` VALUES ('2000-05-31', 124.87, 126.25, 81.75, 84, 0.634, 87569200, 0);
INSERT INTO `aapl_monthly_data` VALUES ('2000-04-28', 135.5, 139.5, 104.87, 124.06, 0.9364, 77342900, 0);
INSERT INTO `aapl_monthly_data` VALUES ('2000-03-31', 118.56, 150.38, 114, 135.81, 1.0251, 77663900, 0);
INSERT INTO `aapl_monthly_data` VALUES ('2000-02-29', 104, 119.94, 97, 114.62, 0.8651, 65355200, 0);
INSERT INTO `aapl_monthly_data` VALUES ('2000-01-31', 104.87, 121.5, 86.5, 103.75, 0.7831, 112099800, 0);
INSERT INTO `aapl_monthly_data` VALUES ('1999-12-31', 101, 118, 91.06, 102.81, 0.776, 84091200, 0);

-- ----------------------------
-- Table structure for amzn_monthly_data
-- ----------------------------
DROP TABLE IF EXISTS `amzn_monthly_data`;
CREATE TABLE `amzn_monthly_data`  (
  `timestamp` date NULL DEFAULT NULL,
  `open` double NULL DEFAULT NULL,
  `high` double NULL DEFAULT NULL,
  `low` double NULL DEFAULT NULL,
  `close` double NULL DEFAULT NULL,
  `adjusted close` double NULL DEFAULT NULL,
  `volume` bigint NULL DEFAULT NULL,
  `dividend amount` double NULL DEFAULT NULL
) ENGINE = InnoDB CHARACTER SET = utf8mb4 COLLATE = utf8mb4_0900_ai_ci ROW_FORMAT = Dynamic;

-- ----------------------------
-- Records of amzn_monthly_data
-- ----------------------------
INSERT INTO `amzn_monthly_data` VALUES ('2024-06-28', 177.7, 199.84, 175.92, 193.25, 193.25, 813275850, 0);
INSERT INTO `amzn_monthly_data` VALUES ('2024-05-31', 181.635, 191.7, 173.87, 176.44, 176.44, 892339076, 0);
INSERT INTO `amzn_monthly_data` VALUES ('2024-04-30', 180.79, 189.77, 166.32, 175, 175, 913774690, 0);
INSERT INTO `amzn_monthly_data` VALUES ('2024-03-28', 176.75, 181.7, 171.47, 180.38, 180.38, 700200667, 0);
INSERT INTO `amzn_monthly_data` VALUES ('2024-02-29', 155.87, 177.22, 155.62, 176.76, 176.76, 1045157826, 0);
INSERT INTO `amzn_monthly_data` VALUES ('2024-01-31', 151.54, 161.73, 144.05, 155.2, 155.2, 952721600, 0);
INSERT INTO `amzn_monthly_data` VALUES ('2023-12-29', 146, 155.63, 142.81, 151.94, 151.94, 930652363, 0);
INSERT INTO `amzn_monthly_data` VALUES ('2023-11-30', 133.96, 149.26, 133.71, 146.09, 146.09, 1026201791, 0);
INSERT INTO `amzn_monthly_data` VALUES ('2023-10-31', 127.28, 134.48, 118.35, 133.09, 133.09, 1224706726, 0);
INSERT INTO `amzn_monthly_data` VALUES ('2023-09-29', 139.455, 145.86, 123.04, 127.12, 127.12, 1120523243, 0);
INSERT INTO `amzn_monthly_data` VALUES ('2023-08-31', 133.55, 143.63, 126.41, 138.01, 138.01, 1213497007, 0);
INSERT INTO `amzn_monthly_data` VALUES ('2023-07-31', 130.82, 136.65, 125.915, 133.68, 133.68, 1059097946, 0);
INSERT INTO `amzn_monthly_data` VALUES ('2023-06-30', 120.69, 131.49, 119.93, 130.36, 130.36, 1243071267, 0);
INSERT INTO `amzn_monthly_data` VALUES ('2023-05-31', 104.95, 122.92, 101.15, 120.58, 120.58, 1432007632, 0);
INSERT INTO `amzn_monthly_data` VALUES ('2023-04-28', 102.3, 110.86, 97.705, 105.45, 105.45, 1222124091, 0);
INSERT INTO `amzn_monthly_data` VALUES ('2023-03-31', 93.87, 103.49, 88.12, 103.29, 103.29, 1349466996, 0);
INSERT INTO `amzn_monthly_data` VALUES ('2023-02-28', 102.53, 114, 92.3186, 94.23, 94.23, 1364198308, 0);
INSERT INTO `amzn_monthly_data` VALUES ('2023-01-31', 85.46, 103.485, 81.43, 103.13, 103.13, 1523798384, 0);
INSERT INTO `amzn_monthly_data` VALUES ('2022-12-30', 96.99, 97.23, 81.69, 84, 84, 1549193116, 0);
INSERT INTO `amzn_monthly_data` VALUES ('2022-11-30', 103.99, 104.58, 85.87, 96.54, 96.54, 2035252422, 0);
INSERT INTO `amzn_monthly_data` VALUES ('2022-10-31', 113.58, 123, 97.66, 102.44, 102.44, 1459511591, 0);
INSERT INTO `amzn_monthly_data` VALUES ('2022-09-30', 126, 136.49, 112.06, 113, 113, 1209987592, 0);
INSERT INTO `amzn_monthly_data` VALUES ('2022-08-31', 134.96, 146.57, 126.74, 126.77, 126.77, 1170389539, 0);
INSERT INTO `amzn_monthly_data` VALUES ('2022-07-29', 106.29, 137.65, 105.8469, 134.95, 134.95, 1338005773, 0);
INSERT INTO `amzn_monthly_data` VALUES ('2022-06-30', 2445.12, 2512.2, 101.43, 106.21, 106.21, 1457571482, 0);
INSERT INTO `amzn_monthly_data` VALUES ('2022-05-31', 2448.02, 2524.41, 2025.2, 2404.19, 120.2095, 112895255, 0);
INSERT INTO `amzn_monthly_data` VALUES ('2022-04-29', 3282.99, 3367.89, 2432.5, 2485.63, 124.2815, 73072079, 0);
INSERT INTO `amzn_monthly_data` VALUES ('2022-03-31', 3054.65, 3416.63, 2671.45, 3259.95, 162.9975, 81145583, 0);
INSERT INTO `amzn_monthly_data` VALUES ('2022-02-28', 3000, 3276.69, 2766.66, 3071.26, 153.563, 84446686, 0);
INSERT INTO `amzn_monthly_data` VALUES ('2022-01-31', 3351, 3428, 2707.04, 2991.47, 149.5735, 76146845, 0);
INSERT INTO `amzn_monthly_data` VALUES ('2021-12-31', 3545, 3559.88, 3303.9, 3334.34, 166.717, 64405344, 0);
INSERT INTO `amzn_monthly_data` VALUES ('2021-11-30', 3361.8, 3762.145, 3283.55, 3507.07, 175.3535, 75633992, 0);
INSERT INTO `amzn_monthly_data` VALUES ('2021-10-29', 3289.01, 3479, 3176.25, 3372.43, 168.6215, 63680713, 0);
INSERT INTO `amzn_monthly_data` VALUES ('2021-09-30', 3496.396, 3549.99, 3273.99, 3285.04, 164.252, 62540133, 0);
INSERT INTO `amzn_monthly_data` VALUES ('2021-08-31', 3353.1, 3472.58, 3175.76, 3470.79, 173.5395, 62844829, 0);
INSERT INTO `amzn_monthly_data` VALUES ('2021-07-30', 3434.61, 3773.0782, 3306.98, 3327.59, 166.3795, 82554006, 0);
INSERT INTO `amzn_monthly_data` VALUES ('2021-06-30', 3243.495, 3524.8599, 3172.2, 3440.16, 172.008, 66960544, 0);
INSERT INTO `amzn_monthly_data` VALUES ('2021-05-28', 3484.73, 3486.645, 3127.37, 3223.07, 161.1535, 75191624, 0);
INSERT INTO `amzn_monthly_data` VALUES ('2021-04-30', 3117.94, 3554, 3115.55, 3467.42, 173.371, 76843571, 0);
INSERT INTO `amzn_monthly_data` VALUES ('2021-03-31', 3127.89, 3182, 2881.0001, 3094.08, 154.704, 78204991, 0);
INSERT INTO `amzn_monthly_data` VALUES ('2021-02-26', 3242.36, 3434, 3036.7, 3092.93, 154.6465, 70893385, 0);
INSERT INTO `amzn_monthly_data` VALUES ('2021-01-29', 3270, 3363.89, 3086, 3206.2, 160.31, 71427780, 0);
INSERT INTO `amzn_monthly_data` VALUES ('2020-12-31', 3188.5, 3350.65, 3072.82, 3256.93, 162.8465, 77463508, 0);
INSERT INTO `amzn_monthly_data` VALUES ('2020-11-30', 3061.74, 3366.8, 2950.12, 3168.04, 158.402, 90800583, 0);
INSERT INTO `amzn_monthly_data` VALUES ('2020-10-30', 3208, 3496.24, 3019, 3036.15, 151.8075, 116252115, 0);
INSERT INTO `amzn_monthly_data` VALUES ('2020-09-30', 3489.58, 3552.25, 2871, 3148.73, 157.4365, 115969967, 0);
INSERT INTO `amzn_monthly_data` VALUES ('2020-08-31', 3180.51, 3495, 3073, 3450.96, 172.548, 83519879, 0);
INSERT INTO `amzn_monthly_data` VALUES ('2020-07-31', 2757.99, 3344.29, 2754, 3164.68, 158.234, 127304238, 0);
INSERT INTO `amzn_monthly_data` VALUES ('2020-06-30', 2448, 2796, 2437.13, 2758.82, 137.941, 87845661, 0);
INSERT INTO `amzn_monthly_data` VALUES ('2020-05-29', 2336.8, 2525.45, 2256.38, 2442.37, 122.1185, 82620883, 0);
INSERT INTO `amzn_monthly_data` VALUES ('2020-04-30', 1932.97, 2475, 1889.15, 2474, 123.7, 124631816, 0);
INSERT INTO `amzn_monthly_data` VALUES ('2020-03-31', 1906.49, 1996.33, 1626.03, 1949.72, 97.486, 163796017, 0);
INSERT INTO `amzn_monthly_data` VALUES ('2020-02-28', 2010.6, 2185.95, 1811.13, 1883.75, 94.1875, 92555977, 0);
INSERT INTO `amzn_monthly_data` VALUES ('2020-01-31', 1875, 2055.72, 1815.34, 2008.72, 100.436, 84743300, 0);
INSERT INTO `amzn_monthly_data` VALUES ('2019-12-31', 1804.4, 1901.4, 1735, 1847.84, 92.392, 68522009, 0);
INSERT INTO `amzn_monthly_data` VALUES ('2019-11-29', 1788.01, 1824.69, 1722.71, 1800.8, 90.04, 52060472, 0);
INSERT INTO `amzn_monthly_data` VALUES ('2019-10-31', 1746, 1798.85, 1685.06, 1776.66, 88.833, 71821008, 0);
INSERT INTO `amzn_monthly_data` VALUES ('2019-09-30', 1770, 1853.66, 1709.22, 1735.91, 86.7955, 62003799, 0);
INSERT INTO `amzn_monthly_data` VALUES ('2019-08-30', 1871.72, 1897.92, 1743.51, 1776.29, 88.8145, 79978762, 0);
INSERT INTO `amzn_monthly_data` VALUES ('2019-07-31', 1922.98, 2035.8, 1849.44, 1866.78, 93.339, 73190780, 0);
INSERT INTO `amzn_monthly_data` VALUES ('2019-06-28', 1760.01, 1935.2, 1672, 1893.63, 94.6815, 74746589, 0);
INSERT INTO `amzn_monthly_data` VALUES ('2019-05-31', 1933.09, 1964.4, 1772.7, 1775.07, 88.7535, 98214360, 0);
INSERT INTO `amzn_monthly_data` VALUES ('2019-04-30', 1800.11, 1956.34, 1798.73, 1926.52, 96.326, 81293632, 0);
INSERT INTO `amzn_monthly_data` VALUES ('2019-03-29', 1655.13, 1823.75, 1586.57, 1780.75, 89.0375, 100832035, 0);
INSERT INTO `amzn_monthly_data` VALUES ('2019-02-28', 1638.88, 1673.06, 1566.76, 1639.83, 81.9915, 80936924, 0);
INSERT INTO `amzn_monthly_data` VALUES ('2019-01-31', 1465.2, 1736.41, 1460.93, 1718.73, 85.9365, 134015530, 0);
INSERT INTO `amzn_monthly_data` VALUES ('2018-12-31', 1769.46, 1778.34, 1307, 1501.97, 75.0985, 154812304, 0);
INSERT INTO `amzn_monthly_data` VALUES ('2018-11-30', 1623.53, 1784, 1420, 1690.17, 84.5085, 139290208, 0);
INSERT INTO `amzn_monthly_data` VALUES ('2018-10-31', 2021.99, 2033.19, 1476.36, 1598.01, 79.9005, 183228552, 0);
INSERT INTO `amzn_monthly_data` VALUES ('2018-09-28', 2026.5, 2050.5, 1865, 2003, 100.15, 94445693, 0);
INSERT INTO `amzn_monthly_data` VALUES ('2018-08-31', 1784, 2025.57, 1776.02, 2012.71, 100.6355, 96575676, 0);
INSERT INTO `amzn_monthly_data` VALUES ('2018-07-31', 1682.7, 1880.05, 1678.06, 1777.44, 88.872, 97629820, 0);
INSERT INTO `amzn_monthly_data` VALUES ('2018-06-29', 1637.03, 1763.1, 1635.09, 1699.8, 84.99, 85941510, 0);
INSERT INTO `amzn_monthly_data` VALUES ('2018-05-31', 1563.22, 1635, 1546.02, 1629.62, 81.481, 71615299, 0);
INSERT INTO `amzn_monthly_data` VALUES ('2018-04-30', 1417.62, 1638.1, 1352.88, 1566.13, 78.3065, 129945743, 0);
INSERT INTO `amzn_monthly_data` VALUES ('2018-03-29', 1513.6, 1617.54, 1365.2, 1447.34, 72.367, 128401298, 0);
INSERT INTO `amzn_monthly_data` VALUES ('2018-02-28', 1445, 1528.7, 1265.93, 1512.45, 75.6225, 133362428, 0);
INSERT INTO `amzn_monthly_data` VALUES ('2018-01-31', 1172, 1472.58, 1170.51, 1450.89, 72.5445, 94145634, 0);
INSERT INTO `amzn_monthly_data` VALUES ('2017-12-29', 1172.05, 1194.78, 1124.74, 1169.47, 58.4735, 56130525, 0);
INSERT INTO `amzn_monthly_data` VALUES ('2017-11-30', 1105.4, 1213.41, 1086.87, 1176.75, 58.8375, 76226064, 0);
INSERT INTO `amzn_monthly_data` VALUES ('2017-10-31', 964, 1122.79, 950.37, 1105.28, 55.264, 80304293, 0);
INSERT INTO `amzn_monthly_data` VALUES ('2017-09-29', 984.2, 1000, 931.75, 961.35, 48.0675, 58038449, 0);
INSERT INTO `amzn_monthly_data` VALUES ('2017-08-31', 996.11, 1006.4, 936.33, 980.6, 49.03, 75779478, 0);
INSERT INTO `amzn_monthly_data` VALUES ('2017-07-31', 972.79, 1083.31, 951.0001, 987.78, 49.389, 76564735, 0);
INSERT INTO `amzn_monthly_data` VALUES ('2017-06-30', 998.59, 1017, 927, 968, 48.4, 94729701, 0);
INSERT INTO `amzn_monthly_data` VALUES ('2017-05-31', 927.8, 1001.2, 927.8, 994.62, 49.731, 75223469, 0);
INSERT INTO `amzn_monthly_data` VALUES ('2017-04-28', 888, 949.59, 884.49, 924.99, 46.2495, 72336605, 0);
INSERT INTO `amzn_monthly_data` VALUES ('2017-03-31', 853.05, 890.35, 833.5, 886.54, 44.327, 60722752, 0);
INSERT INTO `amzn_monthly_data` VALUES ('2017-02-28', 829.21, 860.86, 803, 845.04, 42.252, 71748231, 0);
INSERT INTO `amzn_monthly_data` VALUES ('2017-01-31', 757.92, 843.84, 747.7, 823.48, 41.174, 70714587, 0);
INSERT INTO `amzn_monthly_data` VALUES ('2016-12-30', 752.41, 782.46, 736.7, 749.87, 37.4935, 73660584, 0);
INSERT INTO `amzn_monthly_data` VALUES ('2016-11-30', 799, 800.84, 710.1, 750.57, 37.5285, 110085967, 0);
INSERT INTO `amzn_monthly_data` VALUES ('2016-10-31', 836, 847.21, 774.61, 789.82, 39.491, 77063812, 0);
INSERT INTO `amzn_monthly_data` VALUES ('2016-09-30', 770.9, 839.95, 756, 837.31, 41.8655, 67354133, 0);
INSERT INTO `amzn_monthly_data` VALUES ('2016-08-31', 759.87, 774.98, 750.35, 769.16, 38.458, 50000397, 0);
INSERT INTO `amzn_monthly_data` VALUES ('2016-07-29', 717.32, 766, 716.54, 758.81, 37.9405, 68635440, 0);
INSERT INTO `amzn_monthly_data` VALUES ('2016-06-30', 720.9, 731.5, 682.115, 715.62, 35.781, 74556809, 0);
INSERT INTO `amzn_monthly_data` VALUES ('2016-05-31', 663.92, 724.23, 656, 722.79, 36.1395, 90623145, 0);
INSERT INTO `amzn_monthly_data` VALUES ('2016-04-29', 590.49, 669.98, 585.25, 659.59, 32.9795, 78464320, 0);
INSERT INTO `amzn_monthly_data` VALUES ('2016-03-31', 556.29, 603.24, 538.58, 593.64, 29.682, 93964682, 0);
INSERT INTO `amzn_monthly_data` VALUES ('2016-02-29', 578.15, 581.8, 474, 552.52, 27.626, 124144797, 0);
INSERT INTO `amzn_monthly_data` VALUES ('2016-01-29', 656.29, 657.715, 547.18, 587, 29.35, 130200780, 0);
INSERT INTO `amzn_monthly_data` VALUES ('2015-12-31', 673.75, 696.44, 635.27, 675.89, 33.7945, 90220804, 0);
INSERT INTO `amzn_monthly_data` VALUES ('2015-11-30', 627.13, 682.77, 620.41, 664.8, 33.24, 87301503, 0);
INSERT INTO `amzn_monthly_data` VALUES ('2015-10-30', 511, 630.72, 506, 625.9, 31.295, 97188843, 0);
INSERT INTO `amzn_monthly_data` VALUES ('2015-09-30', 499.14, 549.78, 490.5, 511.67, 25.5835, 76602841, 0);
INSERT INTO `amzn_monthly_data` VALUES ('2015-08-31', 537.45, 542.74, 451, 512.89, 25.6445, 82893196, 0);
INSERT INTO `amzn_monthly_data` VALUES ('2015-07-31', 439.35, 580.57, 425.57, 536.15, 26.8075, 102069942, 0);
INSERT INTO `amzn_monthly_data` VALUES ('2015-06-30', 430.4, 447.04, 419.14, 434.09, 21.7045, 54989227, 0);
INSERT INTO `amzn_monthly_data` VALUES ('2015-05-29', 423.82, 439, 414.55, 429.23, 21.4615, 51984199, 0);
INSERT INTO `amzn_monthly_data` VALUES ('2015-04-30', 372.1, 452.65, 368.34, 421.78, 21.089, 84404887, 0);
INSERT INTO `amzn_monthly_data` VALUES ('2015-03-31', 380.85, 388.4182, 365.65, 372.1, 18.605, 55502746, 0);
INSERT INTO `amzn_monthly_data` VALUES ('2015-02-27', 350.05, 389.37, 350.01, 380.16, 19.008, 70847240, 0);
INSERT INTO `amzn_monthly_data` VALUES ('2015-01-30', 312.58, 359.5, 285.25, 354.53, 17.7265, 103040529, 0);
INSERT INTO `amzn_monthly_data` VALUES ('2014-12-31', 338.12, 340.64, 293.03, 310.35, 15.5175, 86874154, 0);
INSERT INTO `amzn_monthly_data` VALUES ('2014-11-28', 306.24, 341.26, 292.29, 338.64, 16.932, 68993021, 0);
INSERT INTO `amzn_monthly_data` VALUES ('2014-10-31', 322.04, 325.16, 284, 305.46, 15.273, 111120640, 0);
INSERT INTO `amzn_monthly_data` VALUES ('2014-09-30', 339.98, 349.38, 317.64, 322.44, 16.122, 68006506, 0);
INSERT INTO `amzn_monthly_data` VALUES ('2014-08-29', 313.69, 346.67, 304.588, 339.04, 16.952, 62015200, 0);
INSERT INTO `amzn_monthly_data` VALUES ('2014-07-31', 325.86, 364.85, 311.86, 312.99, 15.6495, 99337300, 0);
INSERT INTO `amzn_monthly_data` VALUES ('2014-06-30', 312.59, 340.7199, 303.84, 324.78, 16.239, 76493200, 0);
INSERT INTO `amzn_monthly_data` VALUES ('2014-05-30', 304.13, 314.87, 284.38, 312.55, 15.6275, 78579200, 0);
INSERT INTO `amzn_monthly_data` VALUES ('2014-04-30', 338.09, 348.295, 288, 304.13, 15.2065, 138278700, 0);
INSERT INTO `amzn_monthly_data` VALUES ('2014-03-31', 358.735, 383.11, 330.88, 336.365, 16.8182, 75253500, 0);
INSERT INTO `amzn_monthly_data` VALUES ('2014-02-28', 358.98, 365.865, 337.73, 362.1, 18.105, 83009000, 0);
INSERT INTO `amzn_monthly_data` VALUES ('2014-01-31', 398.8, 408.06, 357.76, 358.69, 17.9345, 81011900, 0);
INSERT INTO `amzn_monthly_data` VALUES ('2013-12-31', 399, 405.63, 379.5, 398.79, 19.9395, 55686700, 0);
INSERT INTO `amzn_monthly_data` VALUES ('2013-11-29', 365.63, 394.0999, 341.88, 393.62, 19.681, 54207700, 0);
INSERT INTO `amzn_monthly_data` VALUES ('2013-10-31', 314.22, 368.4, 296.5025, 364.03, 18.2015, 77295400, 0);
INSERT INTO `amzn_monthly_data` VALUES ('2013-09-30', 284.73, 320.57, 284.17, 312.64, 15.632, 43468800, 0);
INSERT INTO `amzn_monthly_data` VALUES ('2013-08-30', 303.08, 306.21, 279.33, 280.98, 14.049, 43773900, 0);
INSERT INTO `amzn_monthly_data` VALUES ('2013-07-31', 279, 313.62, 277.16, 301.22, 15.061, 67536900, 0);
INSERT INTO `amzn_monthly_data` VALUES ('2013-06-28', 268.96, 283.34, 262.95, 277.69, 13.8845, 58575800, 0);
INSERT INTO `amzn_monthly_data` VALUES ('2013-05-31', 253.9, 271.91, 245.75, 269.2, 13.46, 59050500, 0);
INSERT INTO `amzn_monthly_data` VALUES ('2013-04-30', 266.98, 275.8, 248.56, 253.81, 12.6905, 76916200, 0);
INSERT INTO `amzn_monthly_data` VALUES ('2013-03-28', 263.27, 277.4, 252.07, 266.49, 13.3245, 58505700, 0);
INSERT INTO `amzn_monthly_data` VALUES ('2013-02-28', 268.93, 274.3, 255.11, 264.27, 13.2135, 68661700, 0);
INSERT INTO `amzn_monthly_data` VALUES ('2013-01-31', 256.08, 284.72, 253.26, 265.5, 13.275, 84226400, 0);
INSERT INTO `amzn_monthly_data` VALUES ('2012-12-31', 252.54, 263.11, 242.75, 250.87, 12.5435, 60871200, 0);
INSERT INTO `amzn_monthly_data` VALUES ('2012-11-30', 234.23, 252.65, 218.18, 252.05, 12.6025, 67213600, 0);
INSERT INTO `amzn_monthly_data` VALUES ('2012-10-31', 255.4, 261.9, 222.92, 232.8931, 11.6447, 81568500, 0);
INSERT INTO `amzn_monthly_data` VALUES ('2012-09-28', 248.27, 264.11, 244.66, 254.32, 12.716, 63570500, 0);
INSERT INTO `amzn_monthly_data` VALUES ('2012-08-31', 234.14, 250, 228.66, 248.27, 12.4135, 60192400, 0);
INSERT INTO `amzn_monthly_data` VALUES ('2012-07-31', 229.3, 240.74, 212.61, 233.3, 11.665, 77340200, 0);
INSERT INTO `amzn_monthly_data` VALUES ('2012-06-29', 208.44, 228.35, 206.37, 228.35, 11.4175, 65745600, 0);
INSERT INTO `amzn_monthly_data` VALUES ('2012-05-31', 229.4, 232.97, 207.11, 212.91, 10.6455, 92774300, 0);
INSERT INTO `amzn_monthly_data` VALUES ('2012-04-30', 198.02, 233.84, 183.65, 231.9, 11.595, 110535400, 0);
INSERT INTO `amzn_monthly_data` VALUES ('2012-03-30', 179.89, 209.85, 176.58, 202.51, 10.1255, 112975100, 0);
INSERT INTO `amzn_monthly_data` VALUES ('2012-02-29', 173.81, 193.57, 172, 179.69, 8.9845, 146580400, 0);
INSERT INTO `amzn_monthly_data` VALUES ('2012-01-31', 175.89, 196.5, 173.5, 194.44, 9.722, 110536900, 0);
INSERT INTO `amzn_monthly_data` VALUES ('2011-12-30', 191.85, 199.66, 166.97, 173.1, 8.655, 125595200, 0);
INSERT INTO `amzn_monthly_data` VALUES ('2011-11-30', 208.11, 222.35, 181.51, 192.29, 9.6145, 136588100, 0);
INSERT INTO `amzn_monthly_data` VALUES ('2011-10-31', 217.01, 246.71, 196.51, 213.51, 10.6755, 159214400, 0);
INSERT INTO `amzn_monthly_data` VALUES ('2011-09-30', 215.28, 244, 204.47, 216.23, 10.8115, 143623300, 0);
INSERT INTO `amzn_monthly_data` VALUES ('2011-08-31', 225, 227.45, 177.1, 215.23, 10.7615, 155194700, 0);
INSERT INTO `amzn_monthly_data` VALUES ('2011-07-29', 205.55, 227.2, 203.61, 222.52, 11.126, 92808500, 0);
INSERT INTO `amzn_monthly_data` VALUES ('2011-06-30', 196.06, 206.25, 181.59, 204.49, 10.2245, 95563700, 0);
INSERT INTO `amzn_monthly_data` VALUES ('2011-05-31', 196.57, 206.39, 190.88, 196.69, 9.8345, 106274500, 0);
INSERT INTO `amzn_monthly_data` VALUES ('2011-04-29', 181.58, 197.8, 175.37, 195.81, 9.7905, 116749400, 0);
INSERT INTO `amzn_monthly_data` VALUES ('2011-03-31', 173.53, 181.57, 160.59, 180.13, 9.0065, 118979100, 0);
INSERT INTO `amzn_monthly_data` VALUES ('2011-02-28', 170.52, 191.4, 169.51, 173.29, 8.6645, 95776400, 0);
INSERT INTO `amzn_monthly_data` VALUES ('2011-01-31', 181.37, 191.6, 166.9, 169.64, 8.482, 113611300, 0);
INSERT INTO `amzn_monthly_data` VALUES ('2010-12-31', 179.16, 185.65, 173.09, 180, 9, 93661700, 0);
INSERT INTO `amzn_monthly_data` VALUES ('2010-11-30', 164.45, 181.8425, 156.77, 175.4, 8.77, 131011400, 0);
INSERT INTO `amzn_monthly_data` VALUES ('2010-10-29', 157.06, 171.99, 151.4, 165.23, 8.2615, 142883500, 0);
INSERT INTO `amzn_monthly_data` VALUES ('2010-09-30', 126.36, 161.78, 126.17, 157.06, 7.853, 134321000, 0);
INSERT INTO `amzn_monthly_data` VALUES ('2010-08-31', 119.15, 130.81, 117.57, 124.83, 6.2415, 113419800, 0);
INSERT INTO `amzn_monthly_data` VALUES ('2010-07-30', 108.9, 124.88, 105.8, 117.89, 5.8945, 175326200, 0);
INSERT INTO `amzn_monthly_data` VALUES ('2010-06-30', 124.97, 129.15, 106.01, 109.26, 5.463, 133378500, 0);
INSERT INTO `amzn_monthly_data` VALUES ('2010-05-28', 137.2, 139.44, 117.52, 125.46, 6.273, 140909900, 0);
INSERT INTO `amzn_monthly_data` VALUES ('2010-04-30', 135.8, 151.09, 130.78, 137.1, 6.855, 173025100, 0);
INSERT INTO `amzn_monthly_data` VALUES ('2010-03-31', 118.85, 138.19, 117.53, 135.77, 6.7885, 158042600, 0);
INSERT INTO `amzn_monthly_data` VALUES ('2010-02-26', 123.18, 124.86, 113.82, 118.4, 5.92, 210145800, 0);
INSERT INTO `amzn_monthly_data` VALUES ('2010-01-29', 136.25, 136.61, 118.12, 125.41, 6.2705, 230861000, 0);
INSERT INTO `amzn_monthly_data` VALUES ('2009-12-31', 136.97, 145.91, 125.6474, 134.52, 6.726, 207471100, 0);
INSERT INTO `amzn_monthly_data` VALUES ('2009-11-30', 118.66, 136.08, 116.25, 135.91, 6.7955, 160305100, 0);
INSERT INTO `amzn_monthly_data` VALUES ('2009-10-30', 92.5, 125.68, 88.27, 118.81, 5.9405, 268616400, 0);
INSERT INTO `amzn_monthly_data` VALUES ('2009-09-30', 80.74, 94.5, 77.51, 93.36, 4.668, 128121800, 0);
INSERT INTO `amzn_monthly_data` VALUES ('2009-08-31', 86.56, 88.2, 80.25, 81.19, 4.0595, 112622900, 0);
INSERT INTO `amzn_monthly_data` VALUES ('2009-07-31', 84.42, 94.4, 75.41, 85.76, 4.288, 175461400, 0);
INSERT INTO `amzn_monthly_data` VALUES ('2009-06-30', 78.21, 88.56, 76.25, 83.66, 4.183, 152085400, 0);
INSERT INTO `amzn_monthly_data` VALUES ('2009-05-29', 80.38, 83.6, 73.1, 77.99, 3.8995, 137603400, 0);
INSERT INTO `amzn_monthly_data` VALUES ('2009-04-30', 73.015, 86.68, 71.71, 80.52, 4.026, 185032000, 0);
INSERT INTO `amzn_monthly_data` VALUES ('2009-03-31', 63.94, 75.61, 59.82, 73.44, 3.672, 227672300, 0);
INSERT INTO `amzn_monthly_data` VALUES ('2009-02-27', 58.57, 67.36, 58.13, 64.79, 3.2395, 186780200, 0);
INSERT INTO `amzn_monthly_data` VALUES ('2009-01-30', 51.35, 59.74, 47.63, 58.82, 2.941, 204072300, 0);
INSERT INTO `amzn_monthly_data` VALUES ('2008-12-31', 42, 54.85, 38.82, 51.28, 2.564, 206194300, 0);
INSERT INTO `amzn_monthly_data` VALUES ('2008-11-28', 56.35, 58.73, 34.68, 42.7, 2.135, 228051500, 0);
INSERT INTO `amzn_monthly_data` VALUES ('2008-10-31', 71.78, 71.99, 43.31, 57.24, 2.862, 332074700, 0);
INSERT INTO `amzn_monthly_data` VALUES ('2008-09-30', 83.16, 86.77, 61.32, 72.76, 3.638, 192463400, 0);
INSERT INTO `amzn_monthly_data` VALUES ('2008-08-29', 76.36, 91.75, 74.05, 80.81, 4.0405, 149044400, 0);
INSERT INTO `amzn_monthly_data` VALUES ('2008-07-31', 72.21, 82.38, 62.99, 76.34, 3.817, 215813300, 0);
INSERT INTO `amzn_monthly_data` VALUES ('2008-06-30', 81.54, 84.88, 72.62, 73.33, 3.6665, 152905700, 0);
INSERT INTO `amzn_monthly_data` VALUES ('2008-05-30', 78.74, 84.75, 71.56, 81.62, 4.081, 152573200, 0);
INSERT INTO `amzn_monthly_data` VALUES ('2008-04-30', 74.925, 82.64, 70.65, 78.63, 3.9315, 197849400, 0);
INSERT INTO `amzn_monthly_data` VALUES ('2008-03-31', 63.59, 76.93, 61.2, 71.3, 3.565, 192685600, 0);
INSERT INTO `amzn_monthly_data` VALUES ('2008-02-29', 79.02, 79.4, 63.97, 64.47, 3.2235, 211217800, 0);
INSERT INTO `amzn_monthly_data` VALUES ('2008-01-31', 95.35, 97.43, 68.84, 77.7, 3.885, 288335400, 0);
INSERT INTO `amzn_monthly_data` VALUES ('2007-12-31', 90.03, 95.94, 83.86, 92.64, 4.632, 127062200, 0);
INSERT INTO `amzn_monthly_data` VALUES ('2007-11-30', 87.75, 91.47, 76.5, 90.56, 4.528, 180196500, 0);
INSERT INTO `amzn_monthly_data` VALUES ('2007-10-31', 93.42, 101.09, 83.27, 89.15, 4.4575, 231988500, 0);
INSERT INTO `amzn_monthly_data` VALUES ('2007-09-28', 79.9, 94.26, 79.73, 93.15, 4.6575, 122273200, 0);
INSERT INTO `amzn_monthly_data` VALUES ('2007-08-31', 78.1, 80.8, 70.05, 79.91, 3.9955, 175514000, 0);
INSERT INTO `amzn_monthly_data` VALUES ('2007-07-31', 68.81, 89, 68.01, 78.54, 3.927, 264827800, 0);
INSERT INTO `amzn_monthly_data` VALUES ('2007-06-29', 68.9, 74.72, 66.71, 68.41, 3.4205, 238788700, 0);
INSERT INTO `amzn_monthly_data` VALUES ('2007-05-31', 61.12, 73.31, 59.7, 69.14, 3.457, 330242400, 0);
INSERT INTO `amzn_monthly_data` VALUES ('2007-04-30', 39.85, 63.84, 39.55, 61.33, 3.0665, 315622753, 0);
INSERT INTO `amzn_monthly_data` VALUES ('2007-03-30', 39.32, 40.24, 37.04, 39.79, 1.9895, 142153100, 0);
INSERT INTO `amzn_monthly_data` VALUES ('2007-02-28', 37.95, 42, 36.68, 39.14, 1.957, 157975400, 0);
INSERT INTO `amzn_monthly_data` VALUES ('2007-01-31', 38.68, 39.14, 36.3, 37.67, 1.8835, 130435300, 0);
INSERT INTO `amzn_monthly_data` VALUES ('2006-12-29', 40.26, 40.64, 37.7, 39.46, 1.973, 121040700, 0);
INSERT INTO `amzn_monthly_data` VALUES ('2006-11-30', 38.125, 43.25, 36.87, 40.34, 2.017, 146802400, 0);
INSERT INTO `amzn_monthly_data` VALUES ('2006-10-31', 31.98, 38.59, 30.58, 38.09, 1.9045, 209485000, 0);
INSERT INTO `amzn_monthly_data` VALUES ('2006-09-29', 30.85, 32.81, 29.68, 32.12, 1.606, 146018700, 0);
INSERT INTO `amzn_monthly_data` VALUES ('2006-08-31', 26.55, 30.99, 25.76, 30.83, 1.5415, 159186800, 0);
INSERT INTO `amzn_monthly_data` VALUES ('2006-07-31', 38.52, 38.62, 25.96, 26.89, 1.3445, 228663400, 0);
INSERT INTO `amzn_monthly_data` VALUES ('2006-06-30', 34.625, 38.84, 32.42, 38.68, 1.934, 115117400, 0);
INSERT INTO `amzn_monthly_data` VALUES ('2006-05-31', 35.06, 36.5, 31.52, 34.61, 1.7305, 146896000, 0);
INSERT INTO `amzn_monthly_data` VALUES ('2006-04-28', 36.56, 38.84, 35.01, 35.21, 1.7605, 106758600, 0);
INSERT INTO `amzn_monthly_data` VALUES ('2006-03-31', 37.43, 37.83, 35.1391, 36.53, 1.8265, 122178100, 0);
INSERT INTO `amzn_monthly_data` VALUES ('2006-02-28', 43.91, 44.69, 37.05, 37.44, 1.872, 165544700, 0);
INSERT INTO `amzn_monthly_data` VALUES ('2006-01-31', 47.47, 48.58, 43.1, 44.82, 2.241, 123410300, 0);
INSERT INTO `amzn_monthly_data` VALUES ('2005-12-30', 48.88, 50.001, 47.14, 47.15, 2.3575, 121167800, 0);
INSERT INTO `amzn_monthly_data` VALUES ('2005-11-30', 39.97, 49.43, 39.65, 48.46, 2.423, 216455300, 0);
INSERT INTO `amzn_monthly_data` VALUES ('2005-10-31', 45.33, 47, 38.72, 39.86, 1.993, 146980100, 0);
INSERT INTO `amzn_monthly_data` VALUES ('2005-09-30', 42.52, 45.84, 40.5, 45.3, 2.265, 104700400, 0);
INSERT INTO `amzn_monthly_data` VALUES ('2005-08-31', 44.88, 46.97, 41.91, 42.7, 2.135, 114751100, 0);
INSERT INTO `amzn_monthly_data` VALUES ('2005-07-29', 33.24, 45.81, 32.79, 45.15, 2.2575, 182601100, 0);
INSERT INTO `amzn_monthly_data` VALUES ('2005-06-30', 35.57, 36.99, 32.93, 33.09, 1.6545, 106233600, 0);
INSERT INTO `amzn_monthly_data` VALUES ('2005-05-31', 32.3, 36.04, 32.1, 35.51, 1.7755, 116947800, 0);
INSERT INTO `amzn_monthly_data` VALUES ('2005-04-29', 34.63, 35.34, 30.6, 32.36, 1.618, 162491300, 0);
INSERT INTO `amzn_monthly_data` VALUES ('2005-03-31', 35.06, 36.5, 32.82, 34.27, 1.7135, 119566600, 0);
INSERT INTO `amzn_monthly_data` VALUES ('2005-02-28', 43, 43.59, 33.2, 35.18, 1.759, 218655100, 0);
INSERT INTO `amzn_monthly_data` VALUES ('2005-01-31', 44.95, 45.44, 40.26, 43.22, 2.161, 194935200, 0);
INSERT INTO `amzn_monthly_data` VALUES ('2004-12-31', 40, 45.68, 37.99, 44.29, 2.2145, 176014800, 0);
INSERT INTO `amzn_monthly_data` VALUES ('2004-11-30', 34.23, 41.5, 34.15, 39.68, 1.984, 168474900, 0);
INSERT INTO `amzn_monthly_data` VALUES ('2004-10-29', 41.25, 42.7, 33, 34.13, 1.7065, 208568400, 0);
INSERT INTO `amzn_monthly_data` VALUES ('2004-09-30', 38.23, 44.28, 37.36, 40.86, 2.043, 176176900, 0);
INSERT INTO `amzn_monthly_data` VALUES ('2004-08-31', 38.32, 40.83, 34.85, 38.14, 1.907, 180022400, 0);
INSERT INTO `amzn_monthly_data` VALUES ('2004-07-30', 53.73, 54.04, 37.38, 38.92, 1.946, 202437000, 0);
INSERT INTO `amzn_monthly_data` VALUES ('2004-06-30', 47.88, 54.7, 47.7, 54.4, 2.72, 161251200, 0);
INSERT INTO `amzn_monthly_data` VALUES ('2004-05-28', 43.45, 48.68, 40.55, 48.5, 2.425, 150196500, 0);
INSERT INTO `amzn_monthly_data` VALUES ('2004-04-30', 43.44, 49.1, 43.3, 43.6, 2.18, 162636600, 0);
INSERT INTO `amzn_monthly_data` VALUES ('2004-03-31', 42.88, 45.06, 39.15, 43.28, 2.164, 154770500, 0);
INSERT INTO `amzn_monthly_data` VALUES ('2004-02-27', 50.56, 50.65, 42.23, 43.01, 2.1505, 185747700, 0);
INSERT INTO `amzn_monthly_data` VALUES ('2004-01-30', 52.76, 57.82, 48.6, 50.4, 2.52, 217934700, 0);
INSERT INTO `amzn_monthly_data` VALUES ('2003-12-31', 54.4, 54.94, 47, 52.62, 2.631, 193675200, 0);
INSERT INTO `amzn_monthly_data` VALUES ('2003-11-28', 54.8, 57.49, 47.67, 53.97, 2.6985, 181979000, 0);
INSERT INTO `amzn_monthly_data` VALUES ('2003-10-31', 48.37, 61.15, 47.51, 54.43, 2.7215, 288225300, 0);
INSERT INTO `amzn_monthly_data` VALUES ('2003-09-30', 46.52, 51.3, 44.73, 48.43, 2.4215, 202836400, 0);
INSERT INTO `amzn_monthly_data` VALUES ('2003-08-29', 41.41, 46.95, 38.28, 46.32, 2.316, 150718900, 0);
INSERT INTO `amzn_monthly_data` VALUES ('2003-07-31', 36.33, 43.1, 34, 41.64, 2.082, 229239500, 0);
INSERT INTO `amzn_monthly_data` VALUES ('2003-06-30', 36.5, 37.24, 32.83, 36.32, 1.816, 171470800, 0);
INSERT INTO `amzn_monthly_data` VALUES ('2003-05-30', 28.68, 36.09, 28.15, 35.89, 1.7945, 190833800, 0);
INSERT INTO `amzn_monthly_data` VALUES ('2003-04-30', 25.55, 29.19, 24.13, 28.69, 1.4345, 219644300, 0);
INSERT INTO `amzn_monthly_data` VALUES ('2003-03-31', 22.15, 28.04, 21.36, 26.03, 1.3015, 164093600, 0);
INSERT INTO `amzn_monthly_data` VALUES ('2003-02-28', 21.94, 22.5, 19.61, 22.01, 1.1005, 115941900, 0);
INSERT INTO `amzn_monthly_data` VALUES ('2003-01-31', 19.19, 23.29, 18.55, 21.85, 1.0925, 169197200, 0);
INSERT INTO `amzn_monthly_data` VALUES ('2002-12-31', 24.15, 25, 18.43, 18.89, 0.9445, 155610600, 0);
INSERT INTO `amzn_monthly_data` VALUES ('2002-11-29', 19.29, 24.5, 18.2, 23.35, 1.1675, 206336300, 0);
INSERT INTO `amzn_monthly_data` VALUES ('2002-10-31', 16.23, 20.26, 16.01, 19.35, 0.9675, 203538600, 0);
INSERT INTO `amzn_monthly_data` VALUES ('2002-09-30', 14.71, 17.93, 14.24, 15.93, 0.7965, 146027000, 0);
INSERT INTO `amzn_monthly_data` VALUES ('2002-08-30', 14.31, 15.99, 12.78, 14.94, 0.747, 115341600, 0);
INSERT INTO `amzn_monthly_data` VALUES ('2002-07-31', 16.17, 17.16, 12.26, 14.46, 0.723, 176592200, 0);
INSERT INTO `amzn_monthly_data` VALUES ('2002-06-28', 18.31, 19.16, 14.68, 16.25, 0.8125, 142617800, 0);
INSERT INTO `amzn_monthly_data` VALUES ('2002-05-31', 16.55, 20.4, 15.75, 18.23, 0.9115, 154840500, 0);
INSERT INTO `amzn_monthly_data` VALUES ('2002-04-30', 14.8, 17.05, 12.52, 16.69, 0.8345, 158958600, 0);
INSERT INTO `amzn_monthly_data` VALUES ('2002-03-28', 14.13, 16.96, 13.55, 14.3, 0.715, 164817800, 0);
INSERT INTO `amzn_monthly_data` VALUES ('2002-02-28', 14.09, 14.75, 11.06, 14.1, 0.705, 163988900, 0);
INSERT INTO `amzn_monthly_data` VALUES ('2002-01-31', 10.94, 15.77, 9.03, 14.19, 0.7095, 322739200, 0);
INSERT INTO `amzn_monthly_data` VALUES ('2001-12-31', 11.08, 12.8, 9.51, 10.82, 0.541, 212455500, 0);
INSERT INTO `amzn_monthly_data` VALUES ('2001-11-30', 7.08, 12.4, 6.6, 11.32, 0.566, 310965300, 0);
INSERT INTO `amzn_monthly_data` VALUES ('2001-10-31', 5.91, 9.99, 5.51, 6.98, 0.349, 169882800, 0);
INSERT INTO `amzn_monthly_data` VALUES ('2001-09-28', 8.95, 9.19, 5.67, 5.97, 0.2985, 126843400, 0);
INSERT INTO `amzn_monthly_data` VALUES ('2001-08-31', 12.73, 12.86, 8.55, 8.94, 0.447, 100687300, 0);
INSERT INTO `amzn_monthly_data` VALUES ('2001-07-31', 14.1, 17.42, 11.07, 12.49, 0.6245, 172078700, 0);
INSERT INTO `amzn_monthly_data` VALUES ('2001-06-29', 17.22, 17.92, 11.2, 14.15, 0.7075, 136695900, 0);
INSERT INTO `amzn_monthly_data` VALUES ('2001-05-31', 15.9, 17.6, 13.1, 16.69, 0.8345, 144686700, 0);
INSERT INTO `amzn_monthly_data` VALUES ('2001-04-30', 10.33, 18.16, 8.1, 15.78, 0.789, 189780400, 0);
INSERT INTO `amzn_monthly_data` VALUES ('2001-03-30', 9.875, 14, 9.563, 10.23, 0.5115, 167635900, 0);
INSERT INTO `amzn_monthly_data` VALUES ('2001-02-28', 17.19, 17.19, 9.938, 10.19, 0.5095, 167374100, 0);
INSERT INTO `amzn_monthly_data` VALUES ('2001-01-31', 15.81, 22.38, 13.56, 17.31, 0.8655, 210486800, 0);
INSERT INTO `amzn_monthly_data` VALUES ('2000-12-29', 24.94, 27.63, 14.88, 15.56, 0.778, 202112900, 0);
INSERT INTO `amzn_monthly_data` VALUES ('2000-11-30', 35.81, 40.88, 22.13, 24.69, 1.2345, 159338900, 0);
INSERT INTO `amzn_monthly_data` VALUES ('2000-10-31', 38.19, 38.44, 19.38, 36.63, 1.8315, 246733500, 0);
INSERT INTO `amzn_monthly_data` VALUES ('2000-09-29', 42.13, 49.63, 35.5, 38.44, 1.922, 133739700, 0);
INSERT INTO `amzn_monthly_data` VALUES ('2000-08-31', 30.63, 43.97, 29.31, 41.5, 2.075, 144464700, 0);
INSERT INTO `amzn_monthly_data` VALUES ('2000-07-31', 36.69, 43.94, 27.88, 30.13, 1.5065, 198524600, 0);
INSERT INTO `amzn_monthly_data` VALUES ('2000-06-30', 48.88, 58.13, 32.47, 36.31, 1.8155, 203140900, 0);
INSERT INTO `amzn_monthly_data` VALUES ('2000-05-31', 56, 62.38, 40.44, 49.94, 2.497, 130688600, 0);
INSERT INTO `amzn_monthly_data` VALUES ('2000-04-28', 65.44, 68.63, 40.81, 55.19, 2.7595, 162012500, 0);
INSERT INTO `amzn_monthly_data` VALUES ('2000-03-31', 67.63, 75.25, 60, 67, 3.35, 156584600, 0);
INSERT INTO `amzn_monthly_data` VALUES ('2000-02-29', 67.5, 85.94, 63.06, 68.88, 3.444, 207457700, 0);
INSERT INTO `amzn_monthly_data` VALUES ('2000-01-31', 81.5, 91.5, 58.44, 64.56, 3.228, 262209000, 0);
INSERT INTO `amzn_monthly_data` VALUES ('1999-12-31', 87.25, 113, 76, 76.13, 3.8065, 246476100, 0);

-- ----------------------------
-- Table structure for ibm_monthly_data
-- ----------------------------
DROP TABLE IF EXISTS `ibm_monthly_data`;
CREATE TABLE `ibm_monthly_data`  (
  `timestamp` date NULL DEFAULT NULL,
  `open` double NULL DEFAULT NULL,
  `high` double NULL DEFAULT NULL,
  `low` double NULL DEFAULT NULL,
  `close` double NULL DEFAULT NULL,
  `adjusted close` double NULL DEFAULT NULL,
  `volume` bigint NULL DEFAULT NULL,
  `dividend amount` double NULL DEFAULT NULL
) ENGINE = InnoDB CHARACTER SET = utf8mb4 COLLATE = utf8mb4_0900_ai_ci ROW_FORMAT = Dynamic;

-- ----------------------------
-- Records of ibm_monthly_data
-- ----------------------------
INSERT INTO `ibm_monthly_data` VALUES ('2024-06-28', 166.54, 178.4599, 163.53, 172.95, 172.95, 70706301, 0);
INSERT INTO `ibm_monthly_data` VALUES ('2024-05-31', 165.69, 175.46, 162.62, 166.85, 166.85, 78620355, 1.67);
INSERT INTO `ibm_monthly_data` VALUES ('2024-04-30', 190, 193.28, 165.2605, 166.2, 164.5473, 98297181, 0);
INSERT INTO `ibm_monthly_data` VALUES ('2024-03-28', 185.49, 199.18, 185.18, 190.96, 189.0611, 99921776, 0);
INSERT INTO `ibm_monthly_data` VALUES ('2024-02-29', 183.63, 188.95, 178.75, 185.03, 183.1901, 88679550, 1.66);
INSERT INTO `ibm_monthly_data` VALUES ('2024-01-31', 162.83, 196.9, 157.885, 183.66, 180.211, 128121557, 0);
INSERT INTO `ibm_monthly_data` VALUES ('2023-12-29', 158.41, 166.34, 158, 163.55, 160.4787, 87358302, 0);
INSERT INTO `ibm_monthly_data` VALUES ('2023-11-30', 145, 158.6, 144.45, 158.56, 155.5824, 78460252, 1.66);
INSERT INTO `ibm_monthly_data` VALUES ('2023-10-31', 140.04, 144.76, 135.87, 144.64, 140.335, 94386980, 0);
INSERT INTO `ibm_monthly_data` VALUES ('2023-09-29', 147.26, 151.9299, 139.61, 140.3, 136.1241, 82806487, 0);
INSERT INTO `ibm_monthly_data` VALUES ('2023-08-31', 144.25, 147.7275, 139.76, 146.83, 142.4598, 84274205, 1.66);
INSERT INTO `ibm_monthly_data` VALUES ('2023-07-31', 133.42, 144.605, 131.55, 144.18, 138.2777, 85778938, 0);
INSERT INTO `ibm_monthly_data` VALUES ('2023-06-30', 128.44, 139.469, 127.78, 133.81, 128.3322, 100722016, 0);
INSERT INTO `ibm_monthly_data` VALUES ('2023-05-31', 126.35, 130.0699, 120.55, 128.59, 123.3259, 95710890, 1.66);
INSERT INTO `ibm_monthly_data` VALUES ('2023-04-28', 130.97, 132.61, 124.56, 126.41, 119.5967, 83664114, 0);
INSERT INTO `ibm_monthly_data` VALUES ('2023-03-31', 128.9, 131.48, 121.71, 131.09, 124.0245, 138093084, 0);
INSERT INTO `ibm_monthly_data` VALUES ('2023-02-28', 134.49, 137.39, 128.86, 129.3, 122.331, 76080679, 1.65);
INSERT INTO `ibm_monthly_data` VALUES ('2023-01-31', 141.1, 147.18, 132.98, 134.73, 125.9149, 105576019, 0);
INSERT INTO `ibm_monthly_data` VALUES ('2022-12-30', 149.98, 153.21, 137.195, 140.89, 131.6719, 86426226, 0);
INSERT INTO `ibm_monthly_data` VALUES ('2022-11-30', 138.25, 150.46, 133.97, 148.9, 139.1578, 93620235, 1.65);
INSERT INTO `ibm_monthly_data` VALUES ('2022-10-31', 120.16, 138.8615, 115.545, 138.29, 127.7083, 113480787, 0);
INSERT INTO `ibm_monthly_data` VALUES ('2022-09-30', 128.4, 130.99, 118.61, 118.81, 109.7189, 87256958, 0);
INSERT INTO `ibm_monthly_data` VALUES ('2022-08-31', 130.75, 139.34, 128.4, 128.45, 118.6212, 77392342, 1.65);
INSERT INTO `ibm_monthly_data` VALUES ('2022-07-29', 141, 141.87, 125.13, 130.79, 119.2623, 129801061, 0);
INSERT INTO `ibm_monthly_data` VALUES ('2022-06-30', 139.67, 144.73, 132.85, 141.19, 128.7456, 105815743, 0);
INSERT INTO `ibm_monthly_data` VALUES ('2022-05-31', 133, 139.83, 125.8, 138.84, 126.6028, 113207659, 1.65);
INSERT INTO `ibm_monthly_data` VALUES ('2022-04-29', 129.66, 141.88, 124.91, 132.21, 119.0954, 107525264, 0);
INSERT INTO `ibm_monthly_data` VALUES ('2022-03-31', 122.67, 133.08, 120.7, 130.02, 117.1227, 96447210, 0);
INSERT INTO `ibm_monthly_data` VALUES ('2022-02-28', 133.76, 138.82, 118.81, 122.51, 110.3576, 98492968, 1.64);
INSERT INTO `ibm_monthly_data` VALUES ('2022-01-31', 134.07, 142.2, 124.193, 133.57, 118.8606, 147238382, 0);
INSERT INTO `ibm_monthly_data` VALUES ('2021-12-31', 118.25, 134.99, 116.56, 133.66, 118.9407, 113930079, 0);
INSERT INTO `ibm_monthly_data` VALUES ('2021-11-30', 125.05, 127.29, 114.56, 117.1, 104.2044, 119252012, 1.64);
INSERT INTO `ibm_monthly_data` VALUES ('2021-10-29', 141, 146, 124.62, 125.1, 105.0027, 144097758, 0);
INSERT INTO `ibm_monthly_data` VALUES ('2021-09-30', 139.98, 140.57, 132.78, 138.93, 116.611, 76644238, 0);
INSERT INTO `ibm_monthly_data` VALUES ('2021-08-31', 141.45, 144.7, 137.21, 140.34, 117.7944, 69687056, 1.64);
INSERT INTO `ibm_monthly_data` VALUES ('2021-07-30', 146.96, 147.5, 136.2089, 140.96, 116.9569, 110625907, 0);
INSERT INTO `ibm_monthly_data` VALUES ('2021-06-30', 145, 152.84, 143.04, 146.59, 121.6282, 84365220, 0);
INSERT INTO `ibm_monthly_data` VALUES ('2021-05-28', 143.81, 148.515, 140.92, 143.74, 119.2635, 98036425, 1.64);
INSERT INTO `ibm_monthly_data` VALUES ('2021-04-30', 133.76, 148.74, 130.38, 141.88, 116.4078, 122920494, 0);
INSERT INTO `ibm_monthly_data` VALUES ('2021-03-31', 120.35, 137.07, 118.755, 133.26, 109.3354, 127967821, 0);
INSERT INTO `ibm_monthly_data` VALUES ('2021-02-26', 119.9, 124.35, 118.12, 118.93, 97.5781, 106339228, 1.63);
INSERT INTO `ibm_monthly_data` VALUES ('2021-01-29', 125.85, 132.24, 117.36, 119.11, 96.4383, 176168962, 0);
INSERT INTO `ibm_monthly_data` VALUES ('2020-12-31', 123.9, 127.69, 121.72, 125.88, 101.9197, 102587006, 0);
INSERT INTO `ibm_monthly_data` VALUES ('2020-11-30', 112.65, 125.313, 111.16, 123.52, 100.0089, 103461100, 1.63);
INSERT INTO `ibm_monthly_data` VALUES ('2020-10-30', 122.36, 135.5, 105.92, 111.66, 89.1486, 159130911, 0);
INSERT INTO `ibm_monthly_data` VALUES ('2020-09-30', 122.85, 129.95, 116.48, 121.67, 97.1405, 84510174, 0);
INSERT INTO `ibm_monthly_data` VALUES ('2020-08-31', 123.5, 130.47, 122.15, 123.31, 98.4499, 74033007, 1.63);
INSERT INTO `ibm_monthly_data` VALUES ('2020-07-31', 120.27, 132.17, 115.2, 122.94, 96.8906, 113972765, 0);
INSERT INTO `ibm_monthly_data` VALUES ('2020-06-30', 124.64, 135.88, 115.88, 120.77, 95.1804, 120931250, 0);
INSERT INTO `ibm_monthly_data` VALUES ('2020-05-29', 123.19, 126.97, 111.81, 124.9, 98.4353, 92864791, 1.63);
INSERT INTO `ibm_monthly_data` VALUES ('2020-04-30', 106.36, 129.31, 104.52, 125.56, 97.6426, 130400316, 0);
INSERT INTO `ibm_monthly_data` VALUES ('2020-03-31', 130.75, 136.1, 90.56, 110.93, 86.2655, 189585053, 0);
INSERT INTO `ibm_monthly_data` VALUES ('2020-02-28', 144.25, 158.75, 126.36, 130.15, 101.2121, 118092333, 1.62);
INSERT INTO `ibm_monthly_data` VALUES ('2020-01-31', 135, 145.79, 133.2, 143.73, 110.6047, 112864967, 0);
INSERT INTO `ibm_monthly_data` VALUES ('2019-12-31', 134.45, 136.42, 130.69, 134.04, 103.1479, 71661951, 0);
INSERT INTO `ibm_monthly_data` VALUES ('2019-11-29', 134.5, 139.14, 132.75, 134.45, 103.4634, 64898948, 1.62);
INSERT INTO `ibm_monthly_data` VALUES ('2019-10-31', 145.59, 147.35, 130.9, 133.73, 101.7127, 92647927, 0);
INSERT INTO `ibm_monthly_data` VALUES ('2019-09-30', 134.85, 146.57, 133.33, 145.42, 110.6039, 62083780, 0);
INSERT INTO `ibm_monthly_data` VALUES ('2019-08-30', 148.9, 152.95, 128.83, 135.53, 103.0817, 96719129, 1.62);
INSERT INTO `ibm_monthly_data` VALUES ('2019-07-31', 139.6, 151.94, 139.13, 148.24, 111.4599, 80175943, 0);
INSERT INTO `ibm_monthly_data` VALUES ('2019-06-28', 127.1, 140.15, 127.06, 137.9, 103.6853, 61342985, 0);
INSERT INTO `ibm_monthly_data` VALUES ('2019-05-31', 140.55, 141.81, 126.85, 126.99, 95.4823, 75537897, 1.62);
INSERT INTO `ibm_monthly_data` VALUES ('2019-04-30', 141.51, 145.39, 136.26, 140.27, 104.2198, 80199229, 0);
INSERT INTO `ibm_monthly_data` VALUES ('2019-03-29', 139.31, 142.12, 133.58, 141.1, 104.8365, 74688899, 0);
INSERT INTO `ibm_monthly_data` VALUES ('2019-02-28', 134.97, 140.49, 132.12, 138.13, 102.6298, 68462024, 1.57);
INSERT INTO `ibm_monthly_data` VALUES ('2019-01-31', 112.01, 135.41, 111.69, 134.42, 98.7098, 120388583, 0);
INSERT INTO `ibm_monthly_data` VALUES ('2018-12-31', 125.67, 126.59, 105.94, 113.67, 83.4722, 115600988, 0);
INSERT INTO `ibm_monthly_data` VALUES ('2018-11-30', 115.5, 125.06, 114.54, 124.27, 91.2562, 141719180, 1.57);
INSERT INTO `ibm_monthly_data` VALUES ('2018-10-31', 151.71, 154.36, 114.09, 115.43, 83.6996, 198093801, 0);
INSERT INTO `ibm_monthly_data` VALUES ('2018-09-28', 145.98, 153.35, 144.81, 151.21, 109.6441, 95868702, 0);
INSERT INTO `ibm_monthly_data` VALUES ('2018-08-31', 144.76, 147.93, 142, 146.48, 106.2143, 79196876, 1.57);
INSERT INTO `ibm_monthly_data` VALUES ('2018-07-31', 138.28, 150.54, 138.2, 144.93, 103.9629, 95015127, 0);
INSERT INTO `ibm_monthly_data` VALUES ('2018-06-29', 142.43, 147.52, 137.45, 139.7, 100.2113, 90243111, 0);
INSERT INTO `ibm_monthly_data` VALUES ('2018-05-31', 144.65, 146.2, 139.9, 141.31, 101.3662, 88812832, 1.57);
INSERT INTO `ibm_monthly_data` VALUES ('2018-04-30', 153.34, 162, 144.11, 144.96, 102.8521, 122893135, 0);
INSERT INTO `ibm_monthly_data` VALUES ('2018-03-29', 155.53, 162.11, 148.54, 153.43, 108.8618, 92113147, 0);
INSERT INTO `ibm_monthly_data` VALUES ('2018-02-28', 163.19, 164.13, 144.4, 155.83, 110.5646, 100673819, 1.5);
INSERT INTO `ibm_monthly_data` VALUES ('2018-01-31', 154.5, 171.13, 153.54, 163.7, 114.98, 140197975, 0);
INSERT INTO `ibm_monthly_data` VALUES ('2017-12-29', 154.4, 157.85, 151.49, 153.42, 107.7595, 87525752, 0);
INSERT INTO `ibm_monthly_data` VALUES ('2017-11-30', 154.1, 154.9, 146.211, 153.97, 108.1458, 89208545, 1.5);
INSERT INTO `ibm_monthly_data` VALUES ('2017-10-31', 145.35, 162.51, 145.21, 154.06, 107.1398, 121490046, 0);
INSERT INTO `ibm_monthly_data` VALUES ('2017-09-29', 142.98, 147.42, 141.64, 145.08, 100.8947, 77056229, 0);
INSERT INTO `ibm_monthly_data` VALUES ('2017-08-31', 145, 145.67, 139.13, 143.03, 99.469, 79260314, 1.5);
INSERT INTO `ibm_monthly_data` VALUES ('2017-07-31', 153.58, 156.025, 143.64, 144.67, 99.5587, 91242021, 0);
INSERT INTO `ibm_monthly_data` VALUES ('2017-06-30', 152.8, 157.2, 150.8, 153.83, 105.8624, 82652760, 0);
INSERT INTO `ibm_monthly_data` VALUES ('2017-05-31', 160.05, 160.42, 149.79, 152.63, 105.0366, 102455942, 1.5);
INSERT INTO `ibm_monthly_data` VALUES ('2017-04-28', 173.82, 176.33, 159.6, 160.29, 109.2373, 80758989, 0);
INSERT INTO `ibm_monthly_data` VALUES ('2017-03-31', 180.48, 182.55, 172.0937, 174.14, 118.676, 79476385, 0);
INSERT INTO `ibm_monthly_data` VALUES ('2017-02-28', 175, 182.79, 172.89, 179.82, 122.547, 59817600, 1.4);
INSERT INTO `ibm_monthly_data` VALUES ('2017-01-31', 167, 179.25, 165.34, 174.52, 117.9973, 88671370, 0);
INSERT INTO `ibm_monthly_data` VALUES ('2016-12-30', 161.95, 169.952, 158.3, 165.99, 112.23, 69463793, 0);
INSERT INTO `ibm_monthly_data` VALUES ('2016-11-30', 153.5, 164.66, 151, 162.22, 109.681, 76340912, 1.4);
INSERT INTO `ibm_monthly_data` VALUES ('2016-10-31', 158.06, 158.53, 147.79, 153.69, 102.9845, 78325840, 0);
INSERT INTO `ibm_monthly_data` VALUES ('2016-09-30', 158.32, 165, 153.21, 158.85, 106.4421, 69951563, 0);
INSERT INTO `ibm_monthly_data` VALUES ('2016-08-31', 160.65, 164.95, 157.85, 158.88, 106.4622, 69680582, 1.4);
INSERT INTO `ibm_monthly_data` VALUES ('2016-07-29', 152.19, 163.6, 149.92, 160.62, 106.7062, 69930927, 0);
INSERT INTO `ibm_monthly_data` VALUES ('2016-06-30', 153, 155.48, 142.5, 151.78, 100.8334, 77115961, 0);
INSERT INTO `ibm_monthly_data` VALUES ('2016-05-31', 146.56, 153.81, 142.9, 153.74, 102.1355, 75248178, 1.4);
INSERT INTO `ibm_monthly_data` VALUES ('2016-04-29', 150.51, 153.52, 142.61, 145.94, 96.0408, 94431134, 0);
INSERT INTO `ibm_monthly_data` VALUES ('2016-03-31', 132.24, 153.1, 132.03, 151.45, 99.6669, 105698603, 0);
INSERT INTO `ibm_monthly_data` VALUES ('2016-02-29', 124.4, 134.92, 116.901, 131.03, 86.2288, 106703104, 1.3);
INSERT INTO `ibm_monthly_data` VALUES ('2016-01-29', 135.6, 136.89, 118, 124.79, 81.2901, 126204196, 0);
INSERT INTO `ibm_monthly_data` VALUES ('2015-12-31', 139.58, 141.4, 133.91, 137.62, 89.6477, 97650594, 0);
INSERT INTO `ibm_monthly_data` VALUES ('2015-11-30', 140.5, 142.8, 131.65, 139.42, 90.8203, 85421426, 1.3);
INSERT INTO `ibm_monthly_data` VALUES ('2015-10-30', 145.31, 153.147, 137.33, 140.08, 90.4002, 120622363, 0);
INSERT INTO `ibm_monthly_data` VALUES ('2015-09-30', 144.84, 149.68, 141.1501, 144.97, 93.5559, 81761648, 0);
INSERT INTO `ibm_monthly_data` VALUES ('2015-08-31', 161.7, 161.85, 140.62, 147.89, 95.4403, 93750967, 1.3);
INSERT INTO `ibm_monthly_data` VALUES ('2015-07-31', 163.97, 173.78, 158.5, 161.99, 103.6775, 93805392, 0);
INSERT INTO `ibm_monthly_data` VALUES ('2015-06-30', 170.21, 171.5601, 162.12, 162.66, 104.1063, 80845501, 0);
INSERT INTO `ibm_monthly_data` VALUES ('2015-05-29', 173.2, 176.3, 168.84, 169.65, 108.5801, 57916093, 1.3);
INSERT INTO `ibm_monthly_data` VALUES ('2015-04-30', 160.23, 175.1303, 158.39, 171.29, 108.798, 93821213, 0);
INSERT INTO `ibm_monthly_data` VALUES ('2015-03-31', 161.68, 165.35, 153.4, 160.5, 101.9445, 104899758, 0);
INSERT INTO `ibm_monthly_data` VALUES ('2015-02-27', 154, 164.99, 151.51, 161.94, 102.8592, 77654705, 1.1);
INSERT INTO `ibm_monthly_data` VALUES ('2015-01-30', 161.31, 163.31, 149.52, 153.31, 96.6989, 117395861, 0);
INSERT INTO `ibm_monthly_data` VALUES ('2014-12-31', 161.64, 164.52, 150.5, 160.44, 101.1961, 101614529, 0);
INSERT INTO `ibm_monthly_data` VALUES ('2014-11-28', 164.25, 164.97, 159.8, 162.17, 102.2873, 80018581, 1.1);
INSERT INTO `ibm_monthly_data` VALUES ('2014-10-31', 189.91, 190.89, 161.1, 164.4, 102.9922, 146272610, 0);
INSERT INTO `ibm_monthly_data` VALUES ('2014-09-30', 192.68, 195, 188.12, 189.83, 118.9234, 64033759, 0);
INSERT INTO `ibm_monthly_data` VALUES ('2014-08-29', 190.5, 194.133, 183.58, 192.3, 120.4708, 53441600, 1.1);
INSERT INTO `ibm_monthly_data` VALUES ('2014-07-31', 181.7, 196.4, 181.7, 191.67, 119.3701, 97597800, 0);
INSERT INTO `ibm_monthly_data` VALUES ('2014-06-30', 184.76, 187.65, 179.27, 181.27, 112.8931, 78501700, 0);
INSERT INTO `ibm_monthly_data` VALUES ('2014-05-30', 196.31, 196.74, 182.33, 184.36, 114.8175, 70018300, 1.1);
INSERT INTO `ibm_monthly_data` VALUES ('2014-04-30', 193.12, 199.21, 187.01, 196.47, 121.6525, 118447100, 0);
INSERT INTO `ibm_monthly_data` VALUES ('2014-03-31', 183.33, 195.63, 182.21, 192.49, 119.1882, 118984000, 0);
INSERT INTO `ibm_monthly_data` VALUES ('2014-02-28', 176.02, 186.12, 172.19, 185.17, 114.6557, 87054800, 0.95);
INSERT INTO `ibm_monthly_data` VALUES ('2014-01-31', 187.21, 190.81, 175.34, 176.68, 108.807, 123489300, 0);
INSERT INTO `ibm_monthly_data` VALUES ('2013-12-31', 179.46, 187.79, 172.73, 187.57, 115.5135, 97993100, 0);
INSERT INTO `ibm_monthly_data` VALUES ('2013-11-29', 179.81, 186.24, 177.31, 179.68, 110.6545, 100984900, 0.95);
INSERT INTO `ibm_monthly_data` VALUES ('2013-10-31', 185.34, 186.99, 172.57, 179.21, 109.783, 130967100, 0);
INSERT INTO `ibm_monthly_data` VALUES ('2013-09-30', 183.63, 194.89, 182.31, 185.18, 113.4402, 71488100, 0);
INSERT INTO `ibm_monthly_data` VALUES ('2013-08-30', 196.65, 197.17, 181.1, 182.27, 111.6576, 73077400, 0.95);
INSERT INTO `ibm_monthly_data` VALUES ('2013-07-31', 192.15, 200.94, 190.26, 195.04, 118.8814, 88079400, 0);
INSERT INTO `ibm_monthly_data` VALUES ('2013-06-28', 208.25, 210.05, 188.41, 191.11, 116.486, 80215000, 0);
INSERT INTO `ibm_monthly_data` VALUES ('2013-05-31', 201.87, 211.98, 199.2, 208.02, 126.793, 90683600, 0.95);
INSERT INTO `ibm_monthly_data` VALUES ('2013-04-30', 212.8, 214.89, 187.68, 202.54, 122.8829, 108666600, 0);
INSERT INTO `ibm_monthly_data` VALUES ('2013-03-28', 200.65, 215.9, 199.36, 213.3, 129.4111, 76023800, 0);
INSERT INTO `ibm_monthly_data` VALUES ('2013-02-28', 204.65, 205.35, 197.51, 200.83, 121.8454, 64144100, 0.85);
INSERT INTO `ibm_monthly_data` VALUES ('2013-01-31', 194.09, 208.58, 190.39, 203.07, 122.6857, 87636600, 0);
INSERT INTO `ibm_monthly_data` VALUES ('2012-12-31', 190.76, 196.45, 186.94, 191.55, 115.7258, 79320200, 0);
INSERT INTO `ibm_monthly_data` VALUES ('2012-11-30', 194.96, 198, 184.78, 190.07, 114.8317, 81892500, 0.85);
INSERT INTO `ibm_monthly_data` VALUES ('2012-10-31', 208.01, 211.79, 190.56, 194.53, 117.0059, 96155000, 0);
INSERT INTO `ibm_monthly_data` VALUES ('2012-09-28', 196.61, 208.32, 193.25, 207.45, 124.7771, 77341400, 0);
INSERT INTO `ibm_monthly_data` VALUES ('2012-08-31', 196.96, 202, 193.02, 194.85, 117.1984, 60653700, 0.85);
INSERT INTO `ibm_monthly_data` VALUES ('2012-07-31', 196.36, 197.84, 181.85, 195.98, 117.3768, 91516500, 0);
INSERT INTO `ibm_monthly_data` VALUES ('2012-06-29', 190.12, 199.99, 187, 195.58, 117.1372, 84559100, 0);
INSERT INTO `ibm_monthly_data` VALUES ('2012-05-31', 207.18, 208.929, 192, 192.9, 115.5321, 86005300, 0.85);
INSERT INTO `ibm_monthly_data` VALUES ('2012-04-30', 208.96, 210.69, 196.791, 207.08, 123.5038, 86603000, 0);
INSERT INTO `ibm_monthly_data` VALUES ('2012-03-30', 197.23, 209.12, 196.812, 208.65, 124.4402, 88096900, 0);
INSERT INTO `ibm_monthly_data` VALUES ('2012-02-29', 193.21, 199.23, 190.831, 196.73, 117.331, 78809900, 0.75);
INSERT INTO `ibm_monthly_data` VALUES ('2012-01-31', 186.73, 193.1, 177.3472, 192.6, 114.4231, 110015000, 0);
INSERT INTO `ibm_monthly_data` VALUES ('2011-12-30', 187.01, 194.9, 179.04, 183.88, 109.2425, 103436500, 0);
INSERT INTO `ibm_monthly_data` VALUES ('2011-11-30', 181.55, 189.97, 177.06, 188, 111.6902, 97014100, 0.75);
INSERT INTO `ibm_monthly_data` VALUES ('2011-10-31', 174.36, 190.53, 168.88, 184.63, 109.2505, 144563700, 0);
INSERT INTO `ibm_monthly_data` VALUES ('2011-09-30', 172.71, 180.91, 158.76, 174.87, 103.4753, 137895000, 0);
INSERT INTO `ibm_monthly_data` VALUES ('2011-08-31', 182.6, 183.69, 157.13, 171.91, 101.7238, 195054100, 0.75);
INSERT INTO `ibm_monthly_data` VALUES ('2011-07-29', 171.61, 185.63, 171.49, 181.85, 107.1222, 113593200, 0);
INSERT INTO `ibm_monthly_data` VALUES ('2011-06-30', 168.9, 172.4468, 161.52, 171.55, 101.0548, 105442400, 0);
INSERT INTO `ibm_monthly_data` VALUES ('2011-05-31', 172.11, 173.54, 165.9, 168.93, 99.5114, 110804200, 0.75);
INSERT INTO `ibm_monthly_data` VALUES ('2011-04-29', 163.7, 173, 162.19, 170.58, 100.0391, 100769500, 0);
INSERT INTO `ibm_monthly_data` VALUES ('2011-03-31', 163.15, 167.72, 151.71, 163.07, 95.6348, 129714300, 0);
INSERT INTO `ibm_monthly_data` VALUES ('2011-02-28', 162.11, 166.25, 159.03, 161.88, 94.9369, 89067500, 0.65);
INSERT INTO `ibm_monthly_data` VALUES ('2011-01-31', 147.21, 164.35, 146.64, 162, 94.6368, 118831600, 0);
INSERT INTO `ibm_monthly_data` VALUES ('2010-12-31', 143.61, 147.5, 143.51, 146.76, 85.7339, 93392800, 0);
INSERT INTO `ibm_monthly_data` VALUES ('2010-11-30', 143.64, 147.53, 141.18, 141.46, 82.6378, 104096700, 0.65);
INSERT INTO `ibm_monthly_data` VALUES ('2010-10-29', 135.51, 144, 134.39, 143.6, 83.5173, 137284700, 0);
INSERT INTO `ibm_monthly_data` VALUES ('2010-09-30', 125.31, 136.11, 124.52, 134.14, 78.0154, 116092900, 0);
INSERT INTO `ibm_monthly_data` VALUES ('2010-08-31', 129.25, 132.49, 122.28, 123.13, 71.612, 117394000, 0.65);
INSERT INTO `ibm_monthly_data` VALUES ('2010-07-30', 123.55, 131.6, 120.61, 128.4, 74.3059, 144080000, 0);
INSERT INTO `ibm_monthly_data` VALUES ('2010-06-30', 124.69, 131.94, 122.82, 123.48, 71.4587, 162019100, 0);
INSERT INTO `ibm_monthly_data` VALUES ('2010-05-28', 129.39, 133.1, 116, 125.26, 72.4887, 188444200, 0.65);
INSERT INTO `ibm_monthly_data` VALUES ('2010-04-30', 128.95, 132.28, 127.12, 129, 74.2636, 146426400, 0);
INSERT INTO `ibm_monthly_data` VALUES ('2010-03-31', 127.5, 130.73, 125.2, 128.25, 73.8318, 139997300, 0);
INSERT INTO `ibm_monthly_data` VALUES ('2010-02-26', 123.23, 128.27, 121.61, 127.16, 73.2043, 113211200, 0.55);
INSERT INTO `ibm_monthly_data` VALUES ('2010-01-29', 131.18, 134.25, 121.9, 122.39, 70.1418, 156110600, 0);
INSERT INTO `ibm_monthly_data` VALUES ('2009-12-31', 127.29, 132.85, 126, 130.9, 75.0188, 124475900, 0);
INSERT INTO `ibm_monthly_data` VALUES ('2009-11-30', 120.61, 128.94, 119.5, 126.35, 72.4112, 110748200, 0.55);
INSERT INTO `ibm_monthly_data` VALUES ('2009-10-30', 119.39, 128.61, 117.26, 120.61, 68.8152, 183531100, 0);
INSERT INTO `ibm_monthly_data` VALUES ('2009-09-30', 117.67, 122.88, 115.15, 119.61, 68.2446, 131522200, 0);
INSERT INTO `ibm_monthly_data` VALUES ('2009-08-31', 118.88, 120.88, 116.12, 118.05, 67.3545, 112480200, 0.55);
INSERT INTO `ibm_monthly_data` VALUES ('2009-07-31', 105, 119.37, 99.5, 117.93, 66.9722, 176171400, 0);
INSERT INTO `ibm_monthly_data` VALUES ('2009-06-30', 106.94, 110.64, 103.51, 104.42, 59.2999, 160502100, 0);
INSERT INTO `ibm_monthly_data` VALUES ('2009-05-29', 103.78, 106.82, 99.83, 106.28, 60.3562, 153084700, 0.55);
INSERT INTO `ibm_monthly_data` VALUES ('2009-04-30', 96.13, 106.05, 95.7, 103.21, 58.3063, 213623100, 0);
INSERT INTO `ibm_monthly_data` VALUES ('2009-03-31', 91.17, 99.86, 83.02, 96.89, 54.7359, 286114500, 0);
INSERT INTO `ibm_monthly_data` VALUES ('2009-02-27', 90.6, 97.1, 82.85, 92.03, 51.9904, 223017600, 0.5);
INSERT INTO `ibm_monthly_data` VALUES ('2009-01-30', 83.89, 94.94, 81.76, 91.65, 51.5078, 208959400, 0);
INSERT INTO `ibm_monthly_data` VALUES ('2008-12-31', 80.95, 87.27, 75.31, 84.16, 47.2984, 188846100, 0);
INSERT INTO `ibm_monthly_data` VALUES ('2008-11-28', 92.64, 94.76, 69.5, 81.6, 45.8597, 218313000, 0.5);
INSERT INTO `ibm_monthly_data` VALUES ('2008-10-31', 115.51, 116.8, 78.82, 92.97, 51.9446, 314972000, 0);
INSERT INTO `ibm_monthly_data` VALUES ('2008-09-30', 122.87, 124, 109.95, 116.96, 65.3484, 218411700, 0);
INSERT INTO `ibm_monthly_data` VALUES ('2008-08-29', 128.52, 129.97, 121.5, 121.73, 68.0136, 137028800, 0.5);
INSERT INTO `ibm_monthly_data` VALUES ('2008-07-31', 117.5, 130.93, 116.6, 127.98, 71.2298, 200876500, 0);
INSERT INTO `ibm_monthly_data` VALUES ('2008-06-30', 128.67, 129.37, 118.15, 118.53, 65.9703, 152327500, 0);
INSERT INTO `ibm_monthly_data` VALUES ('2008-05-30', 121.06, 129.99, 120.78, 129.43, 72.0369, 159517500, 0.5);
INSERT INTO `ibm_monthly_data` VALUES ('2008-04-30', 115.14, 125, 113.86, 120.7, 66.9085, 192087200, 0);
INSERT INTO `ibm_monthly_data` VALUES ('2008-03-31', 114.09, 119.79, 111.8, 115.14, 63.8264, 179284200, 0);
INSERT INTO `ibm_monthly_data` VALUES ('2008-02-29', 107.21, 116.63, 100.6, 113.86, 63.1169, 168280800, 0.4);
INSERT INTO `ibm_monthly_data` VALUES ('2008-01-31', 108.99, 108.99, 97.04, 107.11, 59.1467, 247523900, 0);
INSERT INTO `ibm_monthly_data` VALUES ('2007-12-31', 105.45, 112.19, 104, 108.1, 59.6934, 134151600, 0);
INSERT INTO `ibm_monthly_data` VALUES ('2007-11-30', 115.5, 116.09, 99.27, 105.18, 58.0809, 200920600, 0.4);
INSERT INTO `ibm_monthly_data` VALUES ('2007-10-31', 117.61, 121.46, 110.96, 116.12, 63.892, 171669000, 0);
INSERT INTO `ibm_monthly_data` VALUES ('2007-09-28', 116.34, 118.89, 114.3, 117.8, 64.8164, 132233800, 0);
INSERT INTO `ibm_monthly_data` VALUES ('2007-08-31', 110.39, 117.35, 103.7, 116.69, 64.2056, 202871500, 0.4);
INSERT INTO `ibm_monthly_data` VALUES ('2007-07-31', 105.39, 118.82, 104.58, 110.65, 60.6675, 212757600, 0);
INSERT INTO `ibm_monthly_data` VALUES ('2007-06-29', 106.62, 107.24, 101.56, 105.25, 57.7067, 169602000, 0);
INSERT INTO `ibm_monthly_data` VALUES ('2007-05-31', 102.06, 108.05, 101.35, 106.6, 58.4469, 146441400, 0.4);
INSERT INTO `ibm_monthly_data` VALUES ('2007-04-30', 94.51, 103, 93.911, 102.21, 55.8238, 166807200, 0);
INSERT INTO `ibm_monthly_data` VALUES ('2007-03-30', 90.25, 95.81, 88.77, 94.26, 51.4818, 163194500, 0);
INSERT INTO `ibm_monthly_data` VALUES ('2007-02-28', 98.97, 100.44, 92.47, 92.94, 50.7608, 125776200, 0.3);
INSERT INTO `ibm_monthly_data` VALUES ('2007-01-31', 97.17, 100.9, 94.55, 99.15, 53.9898, 192702000, 0);
INSERT INTO `ibm_monthly_data` VALUES ('2006-12-29', 91.9, 97.88, 90.55, 97.15, 52.9007, 104470200, 0);
INSERT INTO `ibm_monthly_data` VALUES ('2006-11-30', 92.5, 94.05, 90.43, 91.92, 50.0529, 104430000, 0.3);
INSERT INTO `ibm_monthly_data` VALUES ('2006-10-31', 81.76, 92.68, 81.56, 92.33, 50.1138, 170367300, 0);
INSERT INTO `ibm_monthly_data` VALUES ('2006-09-29', 81.13, 83.79, 79.31, 81.94, 44.4744, 102776100, 0);
INSERT INTO `ibm_monthly_data` VALUES ('2006-08-31', 76.86, 81.68, 74.9, 80.97, 43.9479, 100880300, 0.3);
INSERT INTO `ibm_monthly_data` VALUES ('2006-07-31', 77.54, 78.53, 72.73, 77.41, 41.849, 137188300, 0);
INSERT INTO `ibm_monthly_data` VALUES ('2006-06-30', 79.89, 80.87, 76.06, 76.82, 41.53, 139457800, 0);
INSERT INTO `ibm_monthly_data` VALUES ('2006-05-31', 82.59, 83.69, 79, 79.9, 43.1951, 113146500, 0.3);
INSERT INTO `ibm_monthly_data` VALUES ('2006-04-28', 82.72, 84.45, 80.63, 82.34, 44.3537, 114007000, 0);
INSERT INTO `ibm_monthly_data` VALUES ('2006-03-31', 80.01, 84.99, 79.51, 82.47, 44.4237, 111514900, 0);
INSERT INTO `ibm_monthly_data` VALUES ('2006-02-28', 80.9, 82.24, 78.93, 80.24, 43.2225, 111052200, 0.2);
INSERT INTO `ibm_monthly_data` VALUES ('2006-01-31', 82.45, 85.03, 80.21, 81.3, 43.6854, 146491600, 0);
INSERT INTO `ibm_monthly_data` VALUES ('2005-12-30', 89.15, 89.92, 81.56, 82.2, 44.169, 120052400, 0);
INSERT INTO `ibm_monthly_data` VALUES ('2005-11-30', 81.85, 89.94, 80.64, 88.9, 47.7691, 110664500, 0.2);
INSERT INTO `ibm_monthly_data` VALUES ('2005-10-31', 80.22, 84.6, 78.7, 81.88, 43.8914, 139881800, 0);
INSERT INTO `ibm_monthly_data` VALUES ('2005-09-30', 80.16, 82.11, 76.93, 80.22, 43.0016, 115681400, 0);
INSERT INTO `ibm_monthly_data` VALUES ('2005-08-31', 83, 84.2, 79.87, 80.62, 43.216, 105031100, 0.2);
INSERT INTO `ibm_monthly_data` VALUES ('2005-07-29', 74.3, 85.11, 74.16, 83.46, 44.6313, 156801500, 0);
INSERT INTO `ibm_monthly_data` VALUES ('2005-06-30', 75.57, 77.73, 73.45, 74.2, 39.6794, 135542800, 0);
INSERT INTO `ibm_monthly_data` VALUES ('2005-05-31', 76.88, 78.11, 72.5, 75.55, 40.4013, 138416000, 0.2);
INSERT INTO `ibm_monthly_data` VALUES ('2005-04-29', 91.49, 91.76, 71.85, 76.38, 40.7369, 216745500, 0);
INSERT INTO `ibm_monthly_data` VALUES ('2005-03-31', 92.64, 93.73, 89.09, 91.38, 48.7371, 106145200, 0);
INSERT INTO `ibm_monthly_data` VALUES ('2005-02-28', 93.67, 94.97, 91.55, 92.58, 49.3771, 79707700, 0.18);
INSERT INTO `ibm_monthly_data` VALUES ('2005-01-31', 98.97, 99.1, 91.44, 93.42, 49.73, 114459000, 0);
INSERT INTO `ibm_monthly_data` VALUES ('2004-12-31', 94.5, 99, 94.47, 98.58, 52.4769, 108170400, 0);
INSERT INTO `ibm_monthly_data` VALUES ('2004-11-30', 89.33, 96.63, 89.23, 94.24, 50.1665, 114982100, 0.18);
INSERT INTO `ibm_monthly_data` VALUES ('2004-10-29', 85.95, 90.27, 84.29, 89.75, 47.6845, 118116100, 0);
INSERT INTO `ibm_monthly_data` VALUES ('2004-09-30', 84.05, 87.28, 83.24, 85.74, 45.5539, 93906300, 0);
INSERT INTO `ibm_monthly_data` VALUES ('2004-08-31', 86.87, 87.39, 81.9, 84.69, 44.9961, 91169700, 0.18);
INSERT INTO `ibm_monthly_data` VALUES ('2004-07-30', 88.28, 88.44, 83.42, 87.07, 46.161, 121001000, 0);
INSERT INTO `ibm_monthly_data` VALUES ('2004-06-30', 88.09, 91.21, 87.3, 88.15, 46.7336, 91968600, 0);
INSERT INTO `ibm_monthly_data` VALUES ('2004-05-28', 88.13, 89.75, 85.12, 88.59, 46.9669, 104707300, 0.18);
INSERT INTO `ibm_monthly_data` VALUES ('2004-04-30', 91.67, 94.55, 88.01, 88.17, 46.6492, 110632000, 0);
INSERT INTO `ibm_monthly_data` VALUES ('2004-03-31', 96.5, 97.6, 90.28, 91.84, 48.5909, 124483700, 0);
INSERT INTO `ibm_monthly_data` VALUES ('2004-02-27', 99.15, 100.43, 95.2, 96.5, 51.0564, 97741900, 0.16);
INSERT INTO `ibm_monthly_data` VALUES ('2004-01-30', 92.86, 99.85, 89.01, 99.23, 52.4161, 139368500, 0);
INSERT INTO `ibm_monthly_data` VALUES ('2003-12-31', 90.9, 94.12, 90.03, 92.68, 48.9562, 116103600, 0);
INSERT INTO `ibm_monthly_data` VALUES ('2003-11-28', 89.9, 91.48, 87.72, 90.54, 47.8258, 97966100, 0.16);
INSERT INTO `ibm_monthly_data` VALUES ('2003-10-31', 88.75, 94.54, 87.53, 89.48, 47.1814, 156145400, 0);
INSERT INTO `ibm_monthly_data` VALUES ('2003-09-30', 82.4, 93.47, 82.3, 88.33, 46.575, 171943100, 0);
INSERT INTO `ibm_monthly_data` VALUES ('2003-08-29', 81.15, 84.72, 78.73, 82.01, 43.2425, 113895200, 0.16);
INSERT INTO `ibm_monthly_data` VALUES ('2003-07-31', 81.4, 87.03, 80.58, 81.25, 42.756, 153915600, 0);
INSERT INTO `ibm_monthly_data` VALUES ('2003-06-30', 89, 89.08, 79.81, 82.5, 43.4138, 184488300, 0);
INSERT INTO `ibm_monthly_data` VALUES ('2003-05-30', 85.3, 90.4, 84.45, 88.04, 46.3291, 149548000, 0.16);
INSERT INTO `ibm_monthly_data` VALUES ('2003-04-30', 78.5, 86.49, 78.12, 84.9, 44.5944, 177874300, 0);
INSERT INTO `ibm_monthly_data` VALUES ('2003-03-31', 78.9, 84.9, 73.17, 78.43, 41.196, 191937200, 0);
INSERT INTO `ibm_monthly_data` VALUES ('2003-02-28', 78.2, 80.05, 74.31, 77.95, 40.9439, 145672700, 0.15);
INSERT INTO `ibm_monthly_data` VALUES ('2003-01-31', 78.8, 88.95, 77.02, 78.2, 40.9959, 193933500, 0);
INSERT INTO `ibm_monthly_data` VALUES ('2002-12-31', 88.6, 89.46, 75.6, 77.5, 40.6289, 151563500, 0);
INSERT INTO `ibm_monthly_data` VALUES ('2002-11-29', 78.9, 88.11, 76.7, 86.92, 45.5673, 184438100, 0.15);
INSERT INTO `ibm_monthly_data` VALUES ('2002-10-31', 59.2, 79.79, 54.01, 78.94, 41.3078, 285626300, 0);
INSERT INTO `ibm_monthly_data` VALUES ('2002-09-30', 74.2, 77.5, 57.99, 58.31, 30.5125, 185664400, 0);
INSERT INTO `ibm_monthly_data` VALUES ('2002-08-30', 70.4, 82.85, 65.85, 75.38, 39.4449, 166322300, 0.15);
INSERT INTO `ibm_monthly_data` VALUES ('2002-07-31', 72.01, 74.2, 65.7, 70.4, 36.7593, 246256900, 0);
INSERT INTO `ibm_monthly_data` VALUES ('2002-06-28', 80.75, 80.95, 66.1, 72, 37.5947, 190980700, 0);
INSERT INTO `ibm_monthly_data` VALUES ('2002-05-31', 83.85, 86.49, 75.92, 80.45, 42.0069, 172738400, 0.15);
INSERT INTO `ibm_monthly_data` VALUES ('2002-04-30', 104, 104, 83.34, 83.76, 43.6558, 246503300, 0);
INSERT INTO `ibm_monthly_data` VALUES ('2002-03-28', 98.6, 108.85, 98.5, 104, 54.2049, 151268500, 0);
INSERT INTO `ibm_monthly_data` VALUES ('2002-02-28', 107.64, 109.3, 95.76, 98.12, 51.1402, 172321000, 0.14);
INSERT INTO `ibm_monthly_data` VALUES ('2002-01-31', 120.6, 126.39, 101, 107.89, 56.1586, 193562900, 0);
INSERT INTO `ibm_monthly_data` VALUES ('2001-12-31', 114.8, 124.7, 113.21, 120.96, 62.9618, 133393800, 0);
INSERT INTO `ibm_monthly_data` VALUES ('2001-11-30', 107.25, 117, 106.9, 115.59, 60.1666, 135136300, 0.14);
INSERT INTO `ibm_monthly_data` VALUES ('2001-10-31', 91.72, 112.1, 91.34, 108.07, 56.1832, 224351500, 0);
INSERT INTO `ibm_monthly_data` VALUES ('2001-09-28', 100.15, 103.13, 87.49, 91.72, 47.6832, 189312500, 0);
INSERT INTO `ibm_monthly_data` VALUES ('2001-08-31', 105.35, 110.09, 98.86, 99.95, 51.9618, 143401500, 0.14);
INSERT INTO `ibm_monthly_data` VALUES ('2001-07-31', 113.5, 115.4, 101.56, 105.21, 54.623, 161016400, 0);
INSERT INTO `ibm_monthly_data` VALUES ('2001-06-29', 112.5, 119, 111.1, 113.5, 58.927, 142929700, 0);
INSERT INTO `ibm_monthly_data` VALUES ('2001-05-31', 115.85, 119.9, 110.96, 111.8, 58.0444, 159356200, 0.14);
INSERT INTO `ibm_monthly_data` VALUES ('2001-04-30', 97.45, 118.05, 90.05, 115.14, 59.7074, 226210900, 0);
INSERT INTO `ibm_monthly_data` VALUES ('2001-03-30', 99.3, 108.4, 87.65, 96.18, 49.8755, 254550000, 0);
INSERT INTO `ibm_monthly_data` VALUES ('2001-02-28', 112.4, 118.64, 99.1, 99.9, 51.8045, 156438900, 0.13);
INSERT INTO `ibm_monthly_data` VALUES ('2001-01-31', 84.5, 116.75, 83.75, 112, 58.0146, 198962600, 0);
INSERT INTO `ibm_monthly_data` VALUES ('2000-12-29', 94.44, 104.75, 80.06, 85, 44.029, 167790700, 0);
INSERT INTO `ibm_monthly_data` VALUES ('2000-11-30', 98.44, 104.37, 91.62, 93.5, 48.4319, 130411900, 0.13);
INSERT INTO `ibm_monthly_data` VALUES ('2000-10-31', 112.62, 119.62, 86.94, 98.5, 50.9555, 223510000, 0);
INSERT INTO `ibm_monthly_data` VALUES ('2000-09-29', 133.06, 134.94, 110.25, 112.62, 58.26, 107468400, 0);
INSERT INTO `ibm_monthly_data` VALUES ('2000-08-31', 112, 134.25, 110.25, 132.02, 68.296, 121998000, 0.13);
INSERT INTO `ibm_monthly_data` VALUES ('2000-07-31', 108.75, 117.81, 100, 112.25, 58.0052, 150130400, 0);
INSERT INTO `ibm_monthly_data` VALUES ('2000-06-30', 107.56, 122.31, 105.5, 109.56, 56.6151, 136216300, 0);
INSERT INTO `ibm_monthly_data` VALUES ('2000-05-31', 112.5, 113.62, 102, 107.31, 55.4524, 123803200, 0.13);
INSERT INTO `ibm_monthly_data` VALUES ('2000-04-28', 120, 128, 101.25, 111.5, 57.5495, 168464800, 0);
INSERT INTO `ibm_monthly_data` VALUES ('2000-03-31', 102, 128.25, 99.5, 118.37, 61.0953, 194329000, 0);
INSERT INTO `ibm_monthly_data` VALUES ('2000-02-29', 112.37, 119.75, 100.94, 102.75, 53.0333, 133524400, 0.12);
INSERT INTO `ibm_monthly_data` VALUES ('2000-01-31', 112.44, 124.75, 109.62, 112.25, 57.8781, 175259600, 0);
INSERT INTO `ibm_monthly_data` VALUES ('1999-12-31', 102.56, 122.12, 102.25, 107.87, 55.6197, 158626300, 0);

-- ----------------------------
-- Table structure for msft_monthly_data
-- ----------------------------
DROP TABLE IF EXISTS `msft_monthly_data`;
CREATE TABLE `msft_monthly_data`  (
  `timestamp` date NULL DEFAULT NULL,
  `open` double NULL DEFAULT NULL,
  `high` double NULL DEFAULT NULL,
  `low` double NULL DEFAULT NULL,
  `close` double NULL DEFAULT NULL,
  `adjusted close` double NULL DEFAULT NULL,
  `volume` bigint NULL DEFAULT NULL,
  `dividend amount` double NULL DEFAULT NULL
) ENGINE = InnoDB CHARACTER SET = utf8mb4 COLLATE = utf8mb4_0900_ai_ci ROW_FORMAT = Dynamic;

-- ----------------------------
-- Records of msft_monthly_data
-- ----------------------------
INSERT INTO `msft_monthly_data` VALUES ('2024-06-28', 415.525, 456.17, 408.9234, 446.95, 446.95, 342370406, 0);
INSERT INTO `msft_monthly_data` VALUES ('2024-05-31', 392.61, 433.6, 390.31, 415.13, 415.13, 413810421, 0.75);
INSERT INTO `msft_monthly_data` VALUES ('2024-04-30', 423.95, 429.37, 388.03, 389.33, 388.6411, 440119511, 0);
INSERT INTO `msft_monthly_data` VALUES ('2024-03-28', 411.27, 430.82, 398.39, 420.72, 419.9755, 425101681, 0);
INSERT INTO `msft_monthly_data` VALUES ('2024-02-29', 401.83, 420.82, 397.22, 413.64, 412.908, 444203455, 0.75);
INSERT INTO `msft_monthly_data` VALUES ('2024-01-31', 373.86, 415.32, 366.5, 397.58, 396.1509, 525975837, 0);
INSERT INTO `msft_monthly_data` VALUES ('2023-12-29', 376.76, 378.16, 362.9, 376.04, 374.6883, 521914675, 0);
INSERT INTO `msft_monthly_data` VALUES ('2023-11-30', 339.79, 384.3, 339.65, 378.91, 377.548, 564165364, 0.75);
INSERT INTO `msft_monthly_data` VALUES ('2023-10-31', 316.28, 346.2, 311.215, 338.11, 336.2125, 540963749, 0);
INSERT INTO `msft_monthly_data` VALUES ('2023-09-29', 331.31, 340.86, 309.45, 315.75, 313.978, 416768824, 0);
INSERT INTO `msft_monthly_data` VALUES ('2023-08-31', 335.19, 338.54, 311.5508, 327.76, 325.9206, 479669427, 0.68);
INSERT INTO `msft_monthly_data` VALUES ('2023-07-31', 339.19, 366.78, 327, 335.92, 333.3274, 666956355, 0);
INSERT INTO `msft_monthly_data` VALUES ('2023-06-30', 325.93, 351.47, 322.5, 340.54, 337.9117, 547748450, 0);
INSERT INTO `msft_monthly_data` VALUES ('2023-05-31', 306.97, 335.94, 303.4, 328.39, 325.8555, 600453246, 0.68);
INSERT INTO `msft_monthly_data` VALUES ('2023-04-28', 286.52, 308.93, 275.37, 307.26, 304.2297, 551356990, 0);
INSERT INTO `msft_monthly_data` VALUES ('2023-03-31', 250.76, 289.27, 245.61, 288.3, 285.4567, 747751976, 0);
INSERT INTO `msft_monthly_data` VALUES ('2023-02-28', 248, 276.76, 245.47, 249.42, 246.9602, 615540778, 0.68);
INSERT INTO `msft_monthly_data` VALUES ('2023-01-31', 243.08, 249.83, 219.35, 247.81, 244.7481, 666168068, 0);
INSERT INTO `msft_monthly_data` VALUES ('2022-12-30', 253.87, 263.915, 233.87, 239.82, 236.8568, 591366468, 0);
INSERT INTO `msft_monthly_data` VALUES ('2022-11-30', 234.6, 255.33, 213.431, 255.14, 251.9875, 615328220, 0.68);
INSERT INTO `msft_monthly_data` VALUES ('2022-10-31', 235.41, 251.04, 219.13, 232.13, 228.6187, 671366804, 0);
INSERT INTO `msft_monthly_data` VALUES ('2022-09-30', 258.87, 267.45, 232.73, 232.9, 229.3771, 575416752, 0);
INSERT INTO `msft_monthly_data` VALUES ('2022-08-31', 277.82, 294.18, 260.66, 261.47, 257.5149, 476959033, 0.62);
INSERT INTO `msft_monthly_data` VALUES ('2022-07-29', 256.39, 282, 245.94, 280.74, 275.9062, 534986150, 0);
INSERT INTO `msft_monthly_data` VALUES ('2022-06-30', 275.195, 277.69, 241.51, 256.83, 252.4079, 621501474, 0);
INSERT INTO `msft_monthly_data` VALUES ('2022-05-31', 277.71, 290.88, 246.44, 271.87, 267.1889, 742766114, 0.62);
INSERT INTO `msft_monthly_data` VALUES ('2022-04-29', 309.37, 315.11, 270, 277.52, 272.0777, 622644983, 0);
INSERT INTO `msft_monthly_data` VALUES ('2022-03-31', 296.4, 315.95, 270, 308.31, 302.2639, 732627846, 0);
INSERT INTO `msft_monthly_data` VALUES ('2022-02-28', 310.41, 315.12, 271.52, 298.79, 292.9306, 697204843, 0.62);
INSERT INTO `msft_monthly_data` VALUES ('2022-01-31', 335.35, 338, 276.05, 310.98, 304.2517, 946705316, 0);
INSERT INTO `msft_monthly_data` VALUES ('2021-12-31', 335.13, 344.3, 317.25, 336.32, 329.0435, 625743806, 0);
INSERT INTO `msft_monthly_data` VALUES ('2021-11-30', 331.355, 349.67, 326.37, 330.59, 323.4375, 507120518, 0.62);
INSERT INTO `msft_monthly_data` VALUES ('2021-10-29', 282.1217, 332, 280.25, 331.62, 323.8531, 516523658, 0);
INSERT INTO `msft_monthly_data` VALUES ('2021-09-30', 302.865, 305.32, 281.62, 281.92, 275.3171, 502931199, 0);
INSERT INTO `msft_monthly_data` VALUES ('2021-08-31', 286.36, 305.84, 283.74, 301.88, 294.8096, 440360333, 0.56);
INSERT INTO `msft_monthly_data` VALUES ('2021-07-30', 269.61, 290.15, 269.6, 284.91, 277.7022, 522303043, 0);
INSERT INTO `msft_monthly_data` VALUES ('2021-06-30', 251.23, 271.65, 243, 270.9, 264.0466, 508388858, 0);
INSERT INTO `msft_monthly_data` VALUES ('2021-05-28', 253.4, 254.35, 238.07, 249.68, 243.3635, 495089530, 0.56);
INSERT INTO `msft_monthly_data` VALUES ('2021-04-30', 238.47, 263.19, 238.0501, 252.18, 245.2353, 568698272, 0);
INSERT INTO `msft_monthly_data` VALUES ('2021-03-31', 235.9, 241.05, 224.26, 235.77, 229.2772, 724981506, 0);
INSERT INTO `msft_monthly_data` VALUES ('2021-02-26', 235.06, 246.13, 227.88, 232.38, 225.9806, 489396912, 0.56);
INSERT INTO `msft_monthly_data` VALUES ('2021-01-29', 222.53, 242.64, 211.94, 231.96, 225.0561, 647897096, 0);
INSERT INTO `msft_monthly_data` VALUES ('2020-12-31', 214.51, 227.18, 209.11, 222.42, 215.8, 593966967, 0);
INSERT INTO `msft_monthly_data` VALUES ('2020-11-30', 204.29, 228.12, 200.12, 214.07, 207.6985, 573325190, 0.56);
INSERT INTO `msft_monthly_data` VALUES ('2020-10-30', 213.49, 225.21, 199.62, 202.47, 195.924, 631674298, 0);
INSERT INTO `msft_monthly_data` VALUES ('2020-09-30', 225.51, 232.86, 196.25, 210.33, 203.5299, 768528897, 0);
INSERT INTO `msft_monthly_data` VALUES ('2020-08-31', 211.52, 231.15, 203.14, 225.53, 218.2385, 692382980, 0.51);
INSERT INTO `msft_monthly_data` VALUES ('2020-07-31', 203.14, 216.38, 197.51, 205.01, 197.9006, 769842002, 0);
INSERT INTO `msft_monthly_data` VALUES ('2020-06-30', 182.54, 204.4, 181.35, 203.51, 196.4526, 765012029, 0);
INSERT INTO `msft_monthly_data` VALUES ('2020-05-29', 175.8, 187.51, 173.8, 183.25, 176.8952, 688873081, 0.51);
INSERT INTO `msft_monthly_data` VALUES ('2020-04-30', 153, 180.4, 150.36, 179.21, 172.5214, 984810925, 0);
INSERT INTO `msft_monthly_data` VALUES ('2020-03-31', 165.31, 175, 132.52, 157.71, 151.8238, 1612954386, 0);
INSERT INTO `msft_monthly_data` VALUES ('2020-02-28', 170.43, 190.7, 152, 162.01, 155.9633, 887894931, 0.51);
INSERT INTO `msft_monthly_data` VALUES ('2020-01-31', 158.78, 174.05, 156.51, 170.23, 163.4315, 555989763, 0);
INSERT INTO `msft_monthly_data` VALUES ('2019-12-31', 151.81, 159.55, 146.65, 157.7, 151.4019, 452664147, 0);
INSERT INTO `msft_monthly_data` VALUES ('2019-11-29', 144.26, 152.5, 142.97, 151.38, 145.3343, 393028043, 0.51);
INSERT INTO `msft_monthly_data` VALUES ('2019-10-31', 139.66, 145.67, 133.22, 143.37, 137.1766, 560654410, 0);
INSERT INTO `msft_monthly_data` VALUES ('2019-09-30', 136.61, 142.37, 134.51, 139.03, 133.0241, 477645820, 0);
INSERT INTO `msft_monthly_data` VALUES ('2019-08-30', 137, 140.94, 130.78, 137.86, 131.9046, 585509525, 0.46);
INSERT INTO `msft_monthly_data` VALUES ('2019-07-31', 136.63, 141.68, 134.67, 136.27, 129.9372, 484553299, 0);
INSERT INTO `msft_monthly_data` VALUES ('2019-06-28', 123.85, 138.4, 119.01, 133.96, 127.7346, 508324437, 0);
INSERT INTO `msft_monthly_data` VALUES ('2019-05-31', 130.53, 130.65, 123.04, 123.68, 117.9323, 547218448, 0.46);
INSERT INTO `msft_monthly_data` VALUES ('2019-04-30', 118.95, 131.37, 118.1, 130.6, 124.0778, 433157868, 0);
INSERT INTO `msft_monthly_data` VALUES ('2019-03-29', 112.89, 120.82, 108.8, 117.94, 112.05, 589045341, 0);
INSERT INTO `msft_monthly_data` VALUES ('2019-02-28', 103.78, 113.24, 102.35, 112.03, 106.4352, 469095970, 0.46);
INSERT INTO `msft_monthly_data` VALUES ('2019-01-31', 99.55, 107.9, 97.2, 104.43, 98.7906, 714204787, 0);
INSERT INTO `msft_monthly_data` VALUES ('2018-12-31', 113, 113.42, 93.96, 101.57, 96.0851, 944287635, 0);
INSERT INTO `msft_monthly_data` VALUES ('2018-11-30', 107.05, 112.24, 99.35, 110.89, 104.9018, 720228643, 0.46);
INSERT INTO `msft_monthly_data` VALUES ('2018-10-31', 114.75, 116.18, 100.11, 106.81, 100.6012, 927547942, 0);
INSERT INTO `msft_monthly_data` VALUES ('2018-09-28', 110.85, 115.29, 107.23, 114.37, 107.7218, 480255674, 0);
INSERT INTO `msft_monthly_data` VALUES ('2018-08-31', 106.03, 112.78, 104.84, 112.33, 105.8004, 456630721, 0.42);
INSERT INTO `msft_monthly_data` VALUES ('2018-07-31', 98.1, 111.15, 98, 106.08, 99.5254, 569501573, 0);
INSERT INTO `msft_monthly_data` VALUES ('2018-06-29', 99.28, 102.69, 97.26, 98.61, 92.517, 602585341, 0);
INSERT INTO `msft_monthly_data` VALUES ('2018-05-31', 93.21, 99.99, 92.45, 98.84, 92.7328, 509418119, 0.42);
INSERT INTO `msft_monthly_data` VALUES ('2018-04-30', 90.47, 97.9, 87.51, 93.52, 87.3638, 668258570, 0);
INSERT INTO `msft_monthly_data` VALUES ('2018-03-29', 93.99, 97.24, 87.08, 91.27, 85.2619, 732866406, 0);
INSERT INTO `msft_monthly_data` VALUES ('2018-02-28', 94.79, 96.07, 83.83, 93.77, 87.5973, 690287596, 0.42);
INSERT INTO `msft_monthly_data` VALUES ('2018-01-31', 86.13, 95.45, 85.5, 95.01, 88.3471, 543377322, 0);
INSERT INTO `msft_monthly_data` VALUES ('2017-12-29', 83.6, 87.4999, 80.7, 85.54, 79.5412, 447828256, 0);
INSERT INTO `msft_monthly_data` VALUES ('2017-11-30', 83.68, 85.06, 82.24, 84.17, 78.2673, 415711970, 0.42);
INSERT INTO `msft_monthly_data` VALUES ('2017-10-31', 74.71, 86.2, 73.71, 83.18, 76.9572, 440510118, 0);
INSERT INTO `msft_monthly_data` VALUES ('2017-09-29', 74.71, 75.97, 72.92, 74.49, 68.9173, 367134396, 0);
INSERT INTO `msft_monthly_data` VALUES ('2017-08-31', 73.1, 74.96, 71.28, 74.77, 69.1764, 429156682, 0.39);
INSERT INTO `msft_monthly_data` VALUES ('2017-07-31', 69.33, 74.42, 68.02, 72.7, 66.9049, 451248934, 0);
INSERT INTO `msft_monthly_data` VALUES ('2017-06-30', 70.24, 72.89, 68.09, 68.93, 63.4354, 610120893, 0);
INSERT INTO `msft_monthly_data` VALUES ('2017-05-31', 68.68, 70.74, 67.14, 69.84, 64.2728, 505249296, 0.39);
INSERT INTO `msft_monthly_data` VALUES ('2017-04-28', 65.81, 69.14, 64.85, 68.46, 62.6508, 428857613, 0);
INSERT INTO `msft_monthly_data` VALUES ('2017-03-31', 64.13, 66.19, 63.62, 65.86, 60.2714, 489173200, 0);
INSERT INTO `msft_monthly_data` VALUES ('2017-02-28', 64.355, 65.24, 62.75, 63.98, 58.551, 440744043, 0.39);
INSERT INTO `msft_monthly_data` VALUES ('2017-01-31', 62.79, 65.91, 61.95, 64.65, 58.8089, 494435826, 0);
INSERT INTO `msft_monthly_data` VALUES ('2016-12-30', 60.11, 64.1, 58.8, 62.14, 56.5257, 513579428, 0);
INSERT INTO `msft_monthly_data` VALUES ('2016-11-30', 59.97, 61.41, 57.28, 60.26, 54.8155, 613056964, 0.39);
INSERT INTO `msft_monthly_data` VALUES ('2016-10-31', 57.405, 61.3699, 56.315, 59.92, 54.1475, 614841775, 0);
INSERT INTO `msft_monthly_data` VALUES ('2016-09-30', 57.01, 58.19, 55.61, 57.6, 52.051, 526855083, 0);
INSERT INTO `msft_monthly_data` VALUES ('2016-08-31', 56.6, 58.7, 56.14, 57.46, 51.9245, 467079004, 0.36);
INSERT INTO `msft_monthly_data` VALUES ('2016-07-29', 51.13, 57.29, 50.39, 56.68, 50.9007, 647587634, 0);
INSERT INTO `msft_monthly_data` VALUES ('2016-06-30', 52.44, 52.95, 48.035, 51.17, 45.9525, 823987498, 0);
INSERT INTO `msft_monthly_data` VALUES ('2016-05-31', 50, 53, 49.46, 53, 47.5959, 530869347, 0.36);
INSERT INTO `msft_monthly_data` VALUES ('2016-04-29', 55.05, 56.77, 49.35, 49.87, 44.4681, 699025640, 0);
INSERT INTO `msft_monthly_data` VALUES ('2016-03-31', 50.97, 55.64, 50.58, 55.23, 49.2475, 640372350, 0);
INSERT INTO `msft_monthly_data` VALUES ('2016-02-29', 54.88, 55.09, 48.19, 50.88, 45.3687, 814770780, 0.36);
INSERT INTO `msft_monthly_data` VALUES ('2016-01-29', 54.32, 55.39, 49.1, 55.09, 48.779, 927914485, 0);
INSERT INTO `msft_monthly_data` VALUES ('2015-12-31', 54.41, 56.85, 53.68, 55.48, 49.1243, 793070000, 0);
INSERT INTO `msft_monthly_data` VALUES ('2015-11-30', 52.85, 54.98, 52.53, 54.35, 48.1237, 662622220, 0.36);
INSERT INTO `msft_monthly_data` VALUES ('2015-10-30', 44.75, 54.37, 43.75, 52.64, 46.295, 857330655, 0);
INSERT INTO `msft_monthly_data` VALUES ('2015-09-30', 42.23, 45, 41.66, 44.2, 38.8723, 670779566, 0);
INSERT INTO `msft_monthly_data` VALUES ('2015-08-31', 46.98, 48.41, 39.72, 43.52, 38.2743, 776277394, 0.31);
INSERT INTO `msft_monthly_data` VALUES ('2015-07-31', 44.46, 47.4, 43.32, 46.7, 40.8034, 725458102, 0);
INSERT INTO `msft_monthly_data` VALUES ('2015-06-30', 47.06, 47.77, 43.94, 44.15, 38.5754, 664853340, 0);
INSERT INTO `msft_monthly_data` VALUES ('2015-05-29', 48.58, 48.905, 46.02, 46.86, 40.9432, 633072750, 0.31);
INSERT INTO `msft_monthly_data` VALUES ('2015-04-30', 40.6, 49.54, 40.12, 48.64, 42.2233, 874535095, 0);
INSERT INTO `msft_monthly_data` VALUES ('2015-03-31', 43.67, 44.19, 40.54, 40.655, 35.2917, 824335340, 0);
INSERT INTO `msft_monthly_data` VALUES ('2015-02-27', 40.59, 44.3, 40.23, 43.85, 38.0652, 656509827, 0.31);
INSERT INTO `msft_monthly_data` VALUES ('2015-01-30', 46.66, 47.91, 40.35, 40.4, 34.8227, 918738022, 0);
INSERT INTO `msft_monthly_data` VALUES ('2014-12-31', 47.88, 49.06, 44.9, 46.45, 40.0374, 626810606, 0);
INSERT INTO `msft_monthly_data` VALUES ('2014-11-28', 46.89, 50.045, 46.73, 47.81, 41.2097, 523008240, 0.31);
INSERT INTO `msft_monthly_data` VALUES ('2014-10-31', 46.27, 46.97, 42.1, 46.95, 40.2126, 853297059, 0);
INSERT INTO `msft_monthly_data` VALUES ('2014-09-30', 45.43, 47.57, 44.53, 46.36, 39.7073, 860084532, 0);
INSERT INTO `msft_monthly_data` VALUES ('2014-08-29', 43.21, 45.47, 42.21, 45.43, 38.9108, 513429400, 0.28);
INSERT INTO `msft_monthly_data` VALUES ('2014-07-31', 41.86, 45.71, 41.05, 43.16, 36.7396, 731616500, 0);
INSERT INTO `msft_monthly_data` VALUES ('2014-06-30', 40.95, 42.29, 39.86, 41.7, 35.4968, 555779700, 0);
INSERT INTO `msft_monthly_data` VALUES ('2014-05-30', 40.2401, 40.97, 38.51, 40.94, 34.8498, 574362900, 0.28);
INSERT INTO `msft_monthly_data` VALUES ('2014-04-30', 41.15, 41.66, 38.9, 40.4, 34.1536, 746113500, 0);
INSERT INTO `msft_monthly_data` VALUES ('2014-03-31', 37.92, 41.5, 37.495, 40.99, 34.6523, 778425700, 0);
INSERT INTO `msft_monthly_data` VALUES ('2014-02-28', 37.74, 38.46, 35.69, 38.31, 32.3867, 705304500, 0.28);
INSERT INTO `msft_monthly_data` VALUES ('2014-01-31', 37.35, 37.89, 34.63, 37.84, 31.7518, 930226200, 0);
INSERT INTO `msft_monthly_data` VALUES ('2013-12-31', 38.09, 38.98, 35.53, 37.41, 31.391, 826617700, 0);
INSERT INTO `msft_monthly_data` VALUES ('2013-11-29', 35.67, 38.29, 35.39, 38.13, 31.9951, 800431600, 0.28);
INSERT INTO `msft_monthly_data` VALUES ('2013-10-31', 33.35, 36.29, 32.8, 35.405, 29.4839, 965331500, 0);
INSERT INTO `msft_monthly_data` VALUES ('2013-09-30', 31.75, 33.75, 30.95, 33.28, 27.7142, 1242961500, 0);
INSERT INTO `msft_monthly_data` VALUES ('2013-08-30', 32.06, 35.2, 30.84, 33.4, 27.8142, 1051265000, 0.23);
INSERT INTO `msft_monthly_data` VALUES ('2013-07-31', 34.75, 36.4299, 31.02, 31.84, 26.3272, 1111130600, 0);
INSERT INTO `msft_monthly_data` VALUES ('2013-06-28', 34.92, 35.78, 32.57, 34.545, 28.5639, 945155500, 0);
INSERT INTO `msft_monthly_data` VALUES ('2013-05-31', 32.93, 35.28, 32.32, 34.9, 28.8574, 1071860000, 0.23);
INSERT INTO `msft_monthly_data` VALUES ('2013-04-30', 28.64, 33.11, 28.11, 33.1, 27.1826, 1322883228, 0);
INSERT INTO `msft_monthly_data` VALUES ('2013-03-28', 27.72, 28.66, 27.52, 28.605, 23.4912, 844946000, 0);
INSERT INTO `msft_monthly_data` VALUES ('2013-02-28', 27.67, 28.2, 27.1, 27.8, 22.8301, 780587000, 0.23);
INSERT INTO `msft_monthly_data` VALUES ('2013-01-31', 27.25, 28.23, 26.28, 27.45, 22.3593, 1145054400, 0);
INSERT INTO `msft_monthly_data` VALUES ('2012-12-31', 26.78, 27.73, 26.26, 26.7097, 21.7563, 947310900, 0);
INSERT INTO `msft_monthly_data` VALUES ('2012-11-30', 28.84, 30.2, 26.3449, 26.615, 21.6791, 1310516100, 0.23);
INSERT INTO `msft_monthly_data` VALUES ('2012-10-31', 29.81, 30.25, 27.76, 28.54, 23.0514, 1105402300, 0);
INSERT INTO `msft_monthly_data` VALUES ('2012-09-28', 30.45, 31.61, 29.74, 29.76, 24.0368, 893107700, 0);
INSERT INTO `msft_monthly_data` VALUES ('2012-08-31', 29.59, 30.96, 28.97, 30.82, 24.893, 671748400, 0.2);
INSERT INTO `msft_monthly_data` VALUES ('2012-07-31', 30.62, 31.05, 28.54, 29.47, 23.6456, 846604100, 0);
INSERT INTO `msft_monthly_data` VALUES ('2012-06-29', 28.76, 31.14, 28.32, 30.59, 24.5443, 973131400, 0);
INSERT INTO `msft_monthly_data` VALUES ('2012-05-31', 32.05, 32.335, 28.64, 29.19, 23.421, 1014372600, 0.2);
INSERT INTO `msft_monthly_data` VALUES ('2012-04-30', 32.22, 32.89, 30.23, 32.015, 25.5187, 940739700, 0);
INSERT INTO `msft_monthly_data` VALUES ('2012-03-30', 31.93, 32.95, 31.49, 32.255, 25.71, 942366500, 0);
INSERT INTO `msft_monthly_data` VALUES ('2012-02-29', 29.79, 32, 29.71, 31.74, 25.2995, 984332300, 0.2);
INSERT INTO `msft_monthly_data` VALUES ('2012-01-31', 26.55, 29.95, 26.39, 29.53, 23.3833, 1354858100, 0);
INSERT INTO `msft_monthly_data` VALUES ('2011-12-30', 25.56, 26.19, 25.16, 25.96, 20.5564, 1007166600, 0);
INSERT INTO `msft_monthly_data` VALUES ('2011-11-30', 26.19, 27.2, 24.3, 25.58, 20.2555, 1046207400, 0.2);
INSERT INTO `msft_monthly_data` VALUES ('2011-10-31', 24.72, 27.5, 24.26, 26.63, 20.9304, 1218142500, 0);
INSERT INTO `msft_monthly_data` VALUES ('2011-09-30', 26.46, 27.5, 24.6, 24.89, 19.5628, 1279920200, 0);
INSERT INTO `msft_monthly_data` VALUES ('2011-08-31', 27.51, 27.685, 23.79, 26.6, 20.9068, 1719339500, 0.16);
INSERT INTO `msft_monthly_data` VALUES ('2011-07-29', 25.93, 28.145, 25.84, 27.4, 21.4005, 1259328200, 0);
INSERT INTO `msft_monthly_data` VALUES ('2011-06-30', 24.99, 26, 23.65, 26, 20.3071, 1297757600, 0);
INSERT INTO `msft_monthly_data` VALUES ('2011-05-31', 25.94, 26.25, 24.03, 25.01, 19.5339, 1364062800, 0.16);
INSERT INTO `msft_monthly_data` VALUES ('2011-04-29', 25.53, 26.87, 24.72, 25.92, 20.1134, 1313844800, 0);
INSERT INTO `msft_monthly_data` VALUES ('2011-03-31', 26.6, 26.78, 24.68, 25.39, 19.7021, 1310885200, 0);
INSERT INTO `msft_monthly_data` VALUES ('2011-02-28', 27.8, 28.34, 26.43, 26.58, 20.6255, 1114368500, 0.16);
INSERT INTO `msft_monthly_data` VALUES ('2011-01-31', 28.05, 29.46, 27.42, 27.725, 21.3871, 1361258700, 0);
INSERT INTO `msft_monthly_data` VALUES ('2010-12-31', 25.57, 28.4, 25.56, 27.91, 21.5298, 1033710000, 0);
INSERT INTO `msft_monthly_data` VALUES ('2010-11-30', 26.88, 27.49, 24.93, 25.2575, 19.4836, 1361176300, 0.16);
INSERT INTO `msft_monthly_data` VALUES ('2010-10-29', 24.49, 27.2, 23.78, 26.665, 20.4427, 1281432800, 0);
INSERT INTO `msft_monthly_data` VALUES ('2010-09-30', 23.67, 25.53, 23.54, 24.49, 18.7752, 1273139500, 0);
INSERT INTO `msft_monthly_data` VALUES ('2010-08-31', 25.99, 26.38, 23.32, 23.465, 17.9894, 1279372100, 0.13);
INSERT INTO `msft_monthly_data` VALUES ('2010-07-30', 23.09, 26.41, 22.73, 25.81, 19.6836, 1408590600, 0);
INSERT INTO `msft_monthly_data` VALUES ('2010-06-30', 25.53, 26.93, 22.95, 23.01, 17.5482, 1671811600, 0);
INSERT INTO `msft_monthly_data` VALUES ('2010-05-28', 30.67, 31.0606, 24.56, 25.8, 19.676, 1720130200, 0.13);
INSERT INTO `msft_monthly_data` VALUES ('2010-04-30', 29.35, 31.58, 28.62, 30.535, 23.1817, 1319029500, 0);
INSERT INTO `msft_monthly_data` VALUES ('2010-03-31', 28.77, 30.57, 28.24, 29.2875, 22.2346, 1110237200, 0);
INSERT INTO `msft_monthly_data` VALUES ('2010-02-26', 28.39, 29.03, 27.57, 28.67, 21.7658, 1074643300, 0.13);
INSERT INTO `msft_monthly_data` VALUES ('2010-01-29', 30.62, 31.24, 27.66, 28.18, 21.2962, 1359650900, 0);
INSERT INTO `msft_monthly_data` VALUES ('2009-12-31', 29.52, 31.5, 29.25, 30.48, 23.0343, 920605500, 0);
INSERT INTO `msft_monthly_data` VALUES ('2009-11-30', 27.7, 30.14, 27.41, 29.41, 22.2257, 1018256700, 0.13);
INSERT INTO `msft_monthly_data` VALUES ('2009-10-30', 25.405, 29.35, 24.43, 27.73, 20.8657, 1523430100, 0);
INSERT INTO `msft_monthly_data` VALUES ('2009-09-30', 24.35, 26.25, 23.76, 25.72, 19.3532, 1038979700, 0);
INSERT INTO `msft_monthly_data` VALUES ('2009-08-31', 23.82, 25.49, 23.03, 24.65, 18.5481, 993250400, 0.13);
INSERT INTO `msft_monthly_data` VALUES ('2009-07-31', 24.05, 25.72, 22, 23.52, 17.6008, 1517459800, 0);
INSERT INTO `msft_monthly_data` VALUES ('2009-06-30', 21, 24.34, 20.86, 23.77, 17.7879, 1411144700, 0);
INSERT INTO `msft_monthly_data` VALUES ('2009-05-29', 20.19, 20.94, 19.01, 20.89, 15.6327, 1101122400, 0.13);
INSERT INTO `msft_monthly_data` VALUES ('2009-04-30', 18.23, 21.2, 18.18, 20.26, 15.0648, 1562400700, 0);
INSERT INTO `msft_monthly_data` VALUES ('2009-03-31', 16.035, 18.88, 14.87, 18.37, 13.6594, 1625752800, 0);
INSERT INTO `msft_monthly_data` VALUES ('2009-02-27', 17.01, 19.93, 16.1, 16.15, 12.0087, 1456213400, 0.13);
INSERT INTO `msft_monthly_data` VALUES ('2009-01-30', 19.5328, 21, 16.75, 17.1, 12.6244, 1564043400, 0);
INSERT INTO `msft_monthly_data` VALUES ('2008-12-31', 19.875, 21.25, 18.47, 19.44, 14.3519, 1546943400, 0);
INSERT INTO `msft_monthly_data` VALUES ('2008-11-28', 22.48, 23.66, 17.5, 20.22, 14.9278, 1794911800, 0.13);
INSERT INTO `msft_monthly_data` VALUES ('2008-10-31', 26.38, 27.47, 20.65, 22.33, 16.377, 3044579400, 0);
INSERT INTO `msft_monthly_data` VALUES ('2008-09-30', 27.665, 27.76, 23.5, 26.69, 19.5747, 1927538700, 0);
INSERT INTO `msft_monthly_data` VALUES ('2008-08-29', 25.95, 28.5, 25.07, 27.29, 20.0147, 1206949700, 0.11);
INSERT INTO `msft_monthly_data` VALUES ('2008-07-31', 27.22, 27.91, 24.87, 25.72, 18.7876, 1579425446, 0);
INSERT INTO `msft_monthly_data` VALUES ('2008-06-30', 28.24, 29.57, 27.11, 27.51, 20.0951, 1560439100, 0);
INSERT INTO `msft_monthly_data` VALUES ('2008-05-30', 28.48, 30.53, 27.95, 28.32, 20.6868, 1405170200, 0.11);
INSERT INTO `msft_monthly_data` VALUES ('2008-04-30', 28.83, 32.1, 27.93, 28.52, 20.7563, 1444720000, 0);
INSERT INTO `msft_monthly_data` VALUES ('2008-03-31', 27.24, 29.59, 26.87, 28.38, 20.6544, 1452390200, 0);
INSERT INTO `msft_monthly_data` VALUES ('2008-02-29', 31.06, 33.25, 27.02, 27.1999, 19.7955, 2324580800, 0.11);
INSERT INTO `msft_monthly_data` VALUES ('2008-01-31', 35.79, 35.96, 31.04, 32.6, 23.6333, 1950301600, 0);
INSERT INTO `msft_monthly_data` VALUES ('2007-12-31', 33.5, 36.72, 32.63, 35.6, 25.8081, 1064817100, 0);
INSERT INTO `msft_monthly_data` VALUES ('2007-11-30', 36.53, 37.5, 32.68, 33.6, 24.3583, 1830846800, 0.11);
INSERT INTO `msft_monthly_data` VALUES ('2007-10-31', 29.46, 37, 29.29, 36.81, 26.6004, 1772076700, 0);
INSERT INTO `msft_monthly_data` VALUES ('2007-09-28', 28.5, 29.85, 28.27, 29.46, 21.289, 1117419500, 0);
INSERT INTO `msft_monthly_data` VALUES ('2007-08-31', 28.97, 30.1, 27.51, 28.73, 20.7615, 1228579500, 0.1);
INSERT INTO `msft_monthly_data` VALUES ('2007-07-31', 29.67, 31.84, 28.95, 28.99, 20.8755, 1295548000, 0);
INSERT INTO `msft_monthly_data` VALUES ('2007-06-29', 30.79, 30.9, 29.04, 29.47, 21.2212, 1181412800, 0);
INSERT INTO `msft_monthly_data` VALUES ('2007-05-31', 29.94, 31.16, 29.9, 30.6901, 22.0998, 1327154700, 0.1);
INSERT INTO `msft_monthly_data` VALUES ('2007-04-30', 27.89, 30.74, 27.56, 29.94, 21.4901, 958964900, 0);
INSERT INTO `msft_monthly_data` VALUES ('2007-03-30', 27.82, 28.55, 26.6, 27.87, 20.0043, 1269506500, 0);
INSERT INTO `msft_monthly_data` VALUES ('2007-02-28', 30.84, 30.94, 27.79, 28.17, 20.2196, 1290850900, 0.1);
INSERT INTO `msft_monthly_data` VALUES ('2007-01-31', 29.91, 31.48, 29.4, 30.86, 22.0743, 1324518200, 0);
INSERT INTO `msft_monthly_data` VALUES ('2006-12-29', 29.23, 30.26, 28.8, 29.86, 21.359, 1137160900, 0);
INSERT INTO `msft_monthly_data` VALUES ('2006-11-30', 28.78, 30.0001, 28.58, 29.36, 21.0014, 1239142000, 0.1);
INSERT INTO `msft_monthly_data` VALUES ('2006-10-31', 27.32, 28.8501, 27.15, 28.71, 20.4664, 1290967400, 0);
INSERT INTO `msft_monthly_data` VALUES ('2006-09-29', 25.89, 27.52, 25.39, 27.35, 19.4969, 1097482600, 0);
INSERT INTO `msft_monthly_data` VALUES ('2006-08-31', 24.02, 26.2501, 23.85, 25.7, 18.3207, 1134188400, 0.09);
INSERT INTO `msft_monthly_data` VALUES ('2006-07-31', 23.53, 24.6, 22.23, 24.06, 17.0891, 1332298100, 0);
INSERT INTO `msft_monthly_data` VALUES ('2006-06-30', 22.74, 23.65, 21.4599, 23.3, 16.5493, 1971637200, 0);
INSERT INTO `msft_monthly_data` VALUES ('2006-05-31', 24.33, 25, 22.45, 22.65, 16.0876, 2309193400, 0.09);
INSERT INTO `msft_monthly_data` VALUES ('2006-04-28', 27.67, 27.941, 24, 24.15, 17.0866, 1446126900, 0);
INSERT INTO `msft_monthly_data` VALUES ('2006-03-31', 26.99, 28.22, 26.62, 27.21, 19.2516, 1437940900, 0);
INSERT INTO `msft_monthly_data` VALUES ('2006-02-28', 27.95, 28.07, 26.34, 26.87, 19.011, 1047699000, 0.09);
INSERT INTO `msft_monthly_data` VALUES ('2006-01-31', 26.25, 28.38, 26.1, 28.15, 19.8502, 1388622700, 0);
INSERT INTO `msft_monthly_data` VALUES ('2005-12-30', 27.73, 28.101, 26.1, 26.15, 18.4399, 1271695500, 0);
INSERT INTO `msft_monthly_data` VALUES ('2005-11-30', 25.61, 28.25, 25.61, 27.68, 19.5188, 1444948300, 0.08);
INSERT INTO `msft_monthly_data` VALUES ('2005-10-31', 25.71, 25.8, 24.25, 25.7, 18.07, 1439659900, 0);
INSERT INTO `msft_monthly_data` VALUES ('2005-09-30', 27.38, 27.39, 25.12, 25.73, 18.0911, 1348861500, 0);
INSERT INTO `msft_monthly_data` VALUES ('2005-08-31', 25.82, 27.94, 25.76, 27.38, 19.2512, 1441979300, 0.08);
INSERT INTO `msft_monthly_data` VALUES ('2005-07-29', 24.85, 26.48, 24.5, 25.61, 17.9538, 1321407700, 0);
INSERT INTO `msft_monthly_data` VALUES ('2005-06-30', 25.73, 26, 24.82, 24.84, 17.414, 1303029500, 0);
INSERT INTO `msft_monthly_data` VALUES ('2005-05-31', 25.23, 26.09, 24.31, 25.8, 18.087, 1270563700, 0.08);
INSERT INTO `msft_monthly_data` VALUES ('2005-04-29', 24.24, 25.45, 23.94, 25.3, 17.681, 1520253700, 0);
INSERT INTO `msft_monthly_data` VALUES ('2005-03-31', 25.2, 25.79, 23.82, 24.17, 16.8913, 1541411300, 0);
INSERT INTO `msft_monthly_data` VALUES ('2005-02-28', 26.25, 26.5, 25.1296, 25.16, 17.5831, 1361126000, 0.08);
INSERT INTO `msft_monthly_data` VALUES ('2005-01-31', 26.8, 27.1, 25.64, 26.28, 18.3094, 1521414300, 0);
INSERT INTO `msft_monthly_data` VALUES ('2004-12-31', 26.95, 27.44, 26.679, 26.72, 18.6159, 1803777700, 0);
INSERT INTO `msft_monthly_data` VALUES ('2004-11-30', 28.15, 30.2, 24.86, 26.81, 18.6786, 1739407300, 3.08);
INSERT INTO `msft_monthly_data` VALUES ('2004-10-29', 27.81, 28.89, 27.42, 27.97, 17.517, 1300591200, 0);
INSERT INTO `msft_monthly_data` VALUES ('2004-09-30', 27.24, 27.79, 26.74, 27.65, 17.3166, 1141012300, 0);
INSERT INTO `msft_monthly_data` VALUES ('2004-08-31', 28.27, 28.55, 25.95, 27.3, 17.0974, 1094195300, 0.08);
INSERT INTO `msft_monthly_data` VALUES ('2004-07-30', 28.69, 29.89, 27.25, 28.49, 17.7904, 1550446900, 0);
INSERT INTO `msft_monthly_data` VALUES ('2004-06-30', 26.12, 28.8, 25.86, 28.56, 17.8341, 1534889700, 0);
INSERT INTO `msft_monthly_data` VALUES ('2004-05-28', 26.21, 26.6, 25.42, 26.23, 16.3792, 1141456900, 0);
INSERT INTO `msft_monthly_data` VALUES ('2004-04-30', 24.95, 27.72, 24.85, 26.13, 16.3167, 1558947800, 0);
INSERT INTO `msft_monthly_data` VALUES ('2004-03-31', 26.65, 26.72, 24.01, 24.93, 15.5674, 1703041000, 0);
INSERT INTO `msft_monthly_data` VALUES ('2004-02-27', 27.63, 27.8, 26.35, 26.53, 16.5665, 1032065600, 0);
INSERT INTO `msft_monthly_data` VALUES ('2004-01-30', 27.58, 28.83, 27.26, 27.65, 17.2659, 1232189000, 0);
INSERT INTO `msft_monthly_data` VALUES ('2003-12-31', 25.9, 27.55, 25.5, 27.37, 17.091, 1476461300, 0);
INSERT INTO `msft_monthly_data` VALUES ('2003-11-28', 26.35, 26.75, 24.84, 25.71, 16.0545, 1442336700, 0);
INSERT INTO `msft_monthly_data` VALUES ('2003-10-31', 28.03, 29.46, 25.91, 26.14, 16.323, 1400032500, 0.16);
INSERT INTO `msft_monthly_data` VALUES ('2003-09-30', 26.7, 30, 26.47, 27.8, 17.2645, 1253309100, 0);
INSERT INTO `msft_monthly_data` VALUES ('2003-08-29', 26.33, 26.95, 25.43, 26.52, 16.4696, 966506900, 0);
INSERT INTO `msft_monthly_data` VALUES ('2003-07-31', 25.59, 27.81, 25.39, 26.41, 16.4013, 1292011000, 0);
INSERT INTO `msft_monthly_data` VALUES ('2003-06-30', 24.98, 26.51, 23.6, 25.64, 15.9231, 1569995800, 0);
INSERT INTO `msft_monthly_data` VALUES ('2003-05-30', 25.54, 26.5, 23.89, 24.61, 15.2835, 1311003700, 0);
INSERT INTO `msft_monthly_data` VALUES ('2003-04-30', 24.46, 26.43, 23.95, 25.57, 15.8796, 1249617700, 0);
INSERT INTO `msft_monthly_data` VALUES ('2003-03-31', 24.02, 26.8, 22.55, 24.21, 15.035, 1371902600, 0);
INSERT INTO `msft_monthly_data` VALUES ('2003-02-28', 47.93, 49.1, 23.3, 23.7, 14.7183, 910628150, 0.08);
INSERT INTO `msft_monthly_data` VALUES ('2003-01-31', 52.3, 57.32, 47.03, 47.46, 14.689, 859331100, 0);
INSERT INTO `msft_monthly_data` VALUES ('2002-12-31', 58.65, 58.96, 51.26, 51.7, 16.0013, 634185100, 0);
INSERT INTO `msft_monthly_data` VALUES ('2002-11-29', 52.43, 58.64, 51.9, 57.68, 17.8522, 777998600, 0);
INSERT INTO `msft_monthly_data` VALUES ('2002-10-31', 44.32, 54.07, 43.19, 53.47, 16.5492, 1237685300, 0);
INSERT INTO `msft_monthly_data` VALUES ('2002-09-30', 48.52, 51.1, 43.11, 43.74, 13.5377, 847852900, 0);
INSERT INTO `msft_monthly_data` VALUES ('2002-08-30', 47.58, 53.45, 43.8, 49.08, 15.1904, 857878600, 0);
INSERT INTO `msft_monthly_data` VALUES ('2002-07-31', 54.12, 54.93, 41.41, 47.98, 14.85, 1216094000, 0);
INSERT INTO `msft_monthly_data` VALUES ('2002-06-28', 50.99, 56.44, 49.17, 54.7, 16.9298, 917036500, 0);
INSERT INTO `msft_monthly_data` VALUES ('2002-05-31', 52.16, 56.44, 48.35, 50.91, 15.7568, 710133100, 0);
INSERT INTO `msft_monthly_data` VALUES ('2002-04-30', 59.83, 60.4, 51.44, 52.26, 16.1747, 708739700, 0);
INSERT INTO `msft_monthly_data` VALUES ('2002-03-28', 59.05, 65, 58.31, 60.31, 18.6662, 536622100, 0);
INSERT INTO `msft_monthly_data` VALUES ('2002-02-28', 64.15, 64.5, 57.15, 58.34, 18.0564, 565579600, 0);
INSERT INTO `msft_monthly_data` VALUES ('2002-01-31', 66.65, 70.62, 61.33, 63.71, 19.7185, 680057900, 0);
INSERT INTO `msft_monthly_data` VALUES ('2001-12-31', 63.83, 69.89, 63.8, 66.25, 20.5046, 488544500, 0);
INSERT INTO `msft_monthly_data` VALUES ('2001-11-30', 60.08, 68.34, 59.6, 64.21, 19.8732, 665484300, 0);
INSERT INTO `msft_monthly_data` VALUES ('2001-10-31', 50.94, 63.63, 50.41, 58.15, 17.9976, 875445500, 0);
INSERT INTO `msft_monthly_data` VALUES ('2001-09-28', 57.19, 59.08, 47.5, 51.17, 15.8373, 755412200, 0);
INSERT INTO `msft_monthly_data` VALUES ('2001-08-31', 66.8, 67.54, 56.3, 57.05, 17.6572, 576948200, 0);
INSERT INTO `msft_monthly_data` VALUES ('2001-07-31', 72.05, 73.15, 64.2, 66.19, 20.486, 727600500, 0);
INSERT INTO `msft_monthly_data` VALUES ('2001-06-29', 69.6, 76.15, 66.01, 73, 22.5938, 724588900, 0);
INSERT INTO `msft_monthly_data` VALUES ('2001-05-31', 67.66, 72.15, 67.25, 69.18, 21.4115, 888652900, 0);
INSERT INTO `msft_monthly_data` VALUES ('2001-04-30', 54.81, 71.1, 51.06, 67.75, 20.9689, 1037903500, 0);
INSERT INTO `msft_monthly_data` VALUES ('2001-03-30', 58.56, 61.13, 49.75, 54.69, 16.9268, 947674900, 0);
INSERT INTO `msft_monthly_data` VALUES ('2001-02-28', 60.81, 65.06, 53.88, 59, 18.2607, 768447800, 0);
INSERT INTO `msft_monthly_data` VALUES ('2001-01-31', 44.13, 64.75, 42.88, 61.06, 18.8983, 1002765600, 0);
INSERT INTO `msft_monthly_data` VALUES ('2000-12-29', 58.06, 60.63, 40.31, 43.38, 13.4263, 1028334100, 0);
INSERT INTO `msft_monthly_data` VALUES ('2000-11-30', 68.5, 72.37, 57, 57.38, 17.7593, 991731300, 0);
INSERT INTO `msft_monthly_data` VALUES ('2000-10-31', 60.5, 70.12, 48.44, 68.87, 21.3155, 1234707800, 0);
INSERT INTO `msft_monthly_data` VALUES ('2000-09-29', 70, 72.06, 58.63, 60.31, 18.6662, 712766900, 0);
INSERT INTO `msft_monthly_data` VALUES ('2000-08-31', 69.94, 74.87, 68.12, 69.81, 21.6064, 609699900, 0);
INSERT INTO `msft_monthly_data` VALUES ('2000-07-31', 79.69, 82.87, 67.25, 69.81, 21.6064, 617092900, 0);
INSERT INTO `msft_monthly_data` VALUES ('2000-06-30', 64.37, 82.19, 63.81, 80, 24.7603, 733525100, 0);
INSERT INTO `msft_monthly_data` VALUES ('2000-05-31', 72.87, 74, 60.38, 62.56, 19.3625, 672215400, 0);
INSERT INTO `msft_monthly_data` VALUES ('2000-04-28', 94.44, 96.5, 65, 69.75, 21.5879, 1129073300, 0);
INSERT INTO `msft_monthly_data` VALUES ('2000-03-31', 89.62, 115, 88.94, 106.25, 32.8848, 1014093800, 0);
INSERT INTO `msft_monthly_data` VALUES ('2000-02-29', 98.5, 110, 88.12, 89.37, 27.6603, 667243800, 0);
INSERT INTO `msft_monthly_data` VALUES ('2000-01-31', 117.37, 118.62, 94.87, 97.87, 30.2911, 637437600, 0);
INSERT INTO `msft_monthly_data` VALUES ('1999-12-31', 91.06, 119.94, 90.87, 116.75, 36.1346, 630488900, 0);

-- ----------------------------
-- Table structure for tsla_monthly_data
-- ----------------------------
DROP TABLE IF EXISTS `tsla_monthly_data`;
CREATE TABLE `tsla_monthly_data`  (
  `timestamp` date NULL DEFAULT NULL,
  `open` double NULL DEFAULT NULL,
  `high` double NULL DEFAULT NULL,
  `low` double NULL DEFAULT NULL,
  `close` double NULL DEFAULT NULL,
  `adjusted close` double NULL DEFAULT NULL,
  `volume` bigint NULL DEFAULT NULL,
  `dividend amount` double NULL DEFAULT NULL
) ENGINE = InnoDB CHARACTER SET = utf8mb4 COLLATE = utf8mb4_0900_ai_ci ROW_FORMAT = Dynamic;

-- ----------------------------
-- Records of tsla_monthly_data
-- ----------------------------
INSERT INTO `tsla_monthly_data` VALUES ('2024-06-28', 178.13, 203.2, 167.41, 197.88, 197.88, 1407037303, 0);
INSERT INTO `tsla_monthly_data` VALUES ('2024-05-31', 182, 187.56, 167.75, 178.08, 178.08, 1668285761, 0);
INSERT INTO `tsla_monthly_data` VALUES ('2024-04-30', 176.17, 198.87, 138.8025, 183.28, 183.28, 2469782990, 0);
INSERT INTO `tsla_monthly_data` VALUES ('2024-03-28', 200.52, 204.52, 160.51, 175.79, 175.79, 1896180214, 0);
INSERT INTO `tsla_monthly_data` VALUES ('2024-02-29', 188.5, 205.6, 175.01, 201.88, 201.88, 2020188307, 0);
INSERT INTO `tsla_monthly_data` VALUES ('2024-01-31', 250.08, 251.25, 180.06, 187.29, 187.29, 2333525855, 0);
INSERT INTO `tsla_monthly_data` VALUES ('2023-12-29', 233.14, 265.13, 228.2, 248.48, 248.48, 2293889902, 0);
INSERT INTO `tsla_monthly_data` VALUES ('2023-11-30', 204.04, 252.75, 197.85, 240.08, 240.08, 2652010569, 0);
INSERT INTO `tsla_monthly_data` VALUES ('2023-10-31', 244.81, 268.94, 194.07, 200.84, 200.84, 2591243998, 0);
INSERT INTO `tsla_monthly_data` VALUES ('2023-09-29', 257.26, 278.98, 234.58, 250.22, 250.22, 2440633653, 0);
INSERT INTO `tsla_monthly_data` VALUES ('2023-08-31', 266.26, 266.47, 212.36, 258.08, 258.08, 2503253508, 0);
INSERT INTO `tsla_monthly_data` VALUES ('2023-07-31', 276.49, 299.29, 254.12, 267.43, 267.43, 2394275082, 0);
INSERT INTO `tsla_monthly_data` VALUES ('2023-06-30', 202.59, 276.99, 199.37, 261.77, 261.77, 3443091887, 0);
INSERT INTO `tsla_monthly_data` VALUES ('2023-05-31', 163.17, 204.48, 158.83, 203.93, 203.93, 2681250964, 0);
INSERT INTO `tsla_monthly_data` VALUES ('2023-04-28', 199.91, 202.6897, 152.37, 164.31, 164.31, 2503574179, 0);
INSERT INTO `tsla_monthly_data` VALUES ('2023-03-31', 206.21, 207.79, 163.91, 207.46, 207.46, 3312555115, 0);
INSERT INTO `tsla_monthly_data` VALUES ('2023-02-28', 173.89, 217.65, 169.93, 205.71, 205.71, 3625947459, 0);
INSERT INTO `tsla_monthly_data` VALUES ('2023-01-31', 118.47, 180.68, 101.81, 173.22, 173.22, 3897499392, 0);
INSERT INTO `tsla_monthly_data` VALUES ('2022-12-30', 197.08, 198.92, 108.24, 123.18, 123.18, 2944247785, 0);
INSERT INTO `tsla_monthly_data` VALUES ('2022-11-30', 234.05, 237.3951, 166.185, 194.7, 194.7, 1885408367, 0);
INSERT INTO `tsla_monthly_data` VALUES ('2022-10-31', 254.5, 257.5, 198.5863, 227.54, 227.54, 1735577735, 0);
INSERT INTO `tsla_monthly_data` VALUES ('2022-09-30', 272.575, 313.8, 262.47, 265.25, 265.25, 1298711227, 0);
INSERT INTO `tsla_monthly_data` VALUES ('2022-08-31', 903.825, 944, 271.81, 275.61, 275.61, 734431591, 0);
INSERT INTO `tsla_monthly_data` VALUES ('2022-07-29', 681, 894.96, 648.5001, 891.45, 297.15, 581783311, 0);
INSERT INTO `tsla_monthly_data` VALUES ('2022-06-30', 755.16, 792.63, 626.08, 673.42, 224.4733, 670825779, 0);
INSERT INTO `tsla_monthly_data` VALUES ('2022-05-31', 860.77, 955.5, 620.57, 758.26, 252.7533, 649232242, 0);
INSERT INTO `tsla_monthly_data` VALUES ('2022-04-29', 1081.15, 1152.87, 821.7, 870.76, 290.2533, 503896960, 0);
INSERT INTO `tsla_monthly_data` VALUES ('2022-03-31', 869.68, 1114.77, 756.04, 1077.6, 359.2, 575182495, 0);
INSERT INTO `tsla_monthly_data` VALUES ('2022-02-28', 935.21, 947.77, 700, 870.43, 290.1433, 463455422, 0);
INSERT INTO `tsla_monthly_data` VALUES ('2022-01-31', 1147.75, 1208, 792.01, 936.72, 312.24, 638395647, 0);
INSERT INTO `tsla_monthly_data` VALUES ('2021-12-31', 1160.695, 1172.8399, 886.12, 1056.78, 352.26, 510209746, 0);
INSERT INTO `tsla_monthly_data` VALUES ('2021-11-30', 1145, 1243.49, 978.6, 1144.76, 381.5867, 646639435, 0);
INSERT INTO `tsla_monthly_data` VALUES ('2021-10-29', 778.4, 1115.21, 763.59, 1114, 371.3333, 528934537, 0);
INSERT INTO `tsla_monthly_data` VALUES ('2021-09-30', 734.08, 799, 708.85, 775.48, 258.4933, 390215611, 0);
INSERT INTO `tsla_monthly_data` VALUES ('2021-08-31', 700, 740.39, 648.84, 735.72, 245.24, 381913604, 0);
INSERT INTO `tsla_monthly_data` VALUES ('2021-07-30', 683.92, 700, 620.46, 687.2, 229.0667, 447786560, 0);
INSERT INTO `tsla_monthly_data` VALUES ('2021-06-30', 627.8, 697.62, 571.22, 679.7, 226.5667, 519623430, 0);
INSERT INTO `tsla_monthly_data` VALUES ('2021-05-28', 703.8, 706, 546.98, 625.22, 208.4067, 625175872, 0);
INSERT INTO `tsla_monthly_data` VALUES ('2021-04-30', 688.37, 780.79, 659.42, 709.44, 236.48, 678583808, 0);
INSERT INTO `tsla_monthly_data` VALUES ('2021-03-31', 690.11, 721.11, 539.49, 667.93, 222.6433, 941564582, 0);
INSERT INTO `tsla_monthly_data` VALUES ('2021-02-26', 814.29, 880.5, 619, 675.5, 225.1667, 518874413, 0);
INSERT INTO `tsla_monthly_data` VALUES ('2021-01-29', 719.46, 900.4, 717.1895, 793.53, 264.51, 705739179, 0);
INSERT INTO `tsla_monthly_data` VALUES ('2020-12-31', 597.59, 718.72, 541.21, 705.67, 235.2233, 1194948499, 0);
INSERT INTO `tsla_monthly_data` VALUES ('2020-11-30', 394, 607.8, 392.3, 567.6, 189.2, 781153824, 0);
INSERT INTO `tsla_monthly_data` VALUES ('2020-10-30', 440.76, 465.9, 379.11, 388.04, 129.3467, 833908217, 0);
INSERT INTO `tsla_monthly_data` VALUES ('2020-09-30', 502.14, 502.49, 329.88, 429.01, 143.0033, 1736952445, 0);
INSERT INTO `tsla_monthly_data` VALUES ('2020-08-31', 1449.2, 2318.49, 440.11, 498.32, 166.1067, 403528354, 0);
INSERT INTO `tsla_monthly_data` VALUES ('2020-07-31', 1083, 1794.99, 1080.5, 1430.76, 95.384, 378234408, 0);
INSERT INTO `tsla_monthly_data` VALUES ('2020-06-30', 858, 1087.69, 854.1, 1079.81, 71.9873, 255918459, 0);
INSERT INTO `tsla_monthly_data` VALUES ('2020-05-29', 755, 843.29, 683.04, 835, 55.6667, 272775593, 0);
INSERT INTO `tsla_monthly_data` VALUES ('2020-04-30', 504, 869.82, 446.4, 781.88, 52.1253, 381562411, 0);
INSERT INTO `tsla_monthly_data` VALUES ('2020-03-31', 711.26, 806.98, 350.51, 524, 34.9333, 420906139, 0);
INSERT INTO `tsla_monthly_data` VALUES ('2020-02-28', 673.69, 968.99, 611.52, 667.99, 44.5327, 473506012, 0);
INSERT INTO `tsla_monthly_data` VALUES ('2020-01-31', 424.5, 653, 421.71, 650.57, 43.3713, 407621638, 0);
INSERT INTO `tsla_monthly_data` VALUES ('2019-12-31', 329.4, 435.31, 327.25, 418.33, 27.8887, 207390450, 0);
INSERT INTO `tsla_monthly_data` VALUES ('2019-11-29', 316.32, 361.2, 309.26, 329.94, 21.996, 157892383, 0);
INSERT INTO `tsla_monthly_data` VALUES ('2019-10-31', 241.5, 340.84, 224.28, 314.92, 20.9947, 234866048, 0);
INSERT INTO `tsla_monthly_data` VALUES ('2019-09-30', 224.08, 253.5, 218.36, 240.87, 16.058, 136563111, 0);
INSERT INTO `tsla_monthly_data` VALUES ('2019-08-30', 242.65, 244.51, 211, 225.61, 15.0407, 134088212, 0);
INSERT INTO `tsla_monthly_data` VALUES ('2019-07-31', 230.21, 266.07, 222.22, 241.61, 16.1073, 199371373, 0);
INSERT INTO `tsla_monthly_data` VALUES ('2019-06-28', 185.51, 234.74, 176.99, 223.46, 14.8973, 214970558, 0);
INSERT INTO `tsla_monthly_data` VALUES ('2019-05-31', 238.85, 258.35, 184.1, 185.16, 12.344, 282598837, 0);
INSERT INTO `tsla_monthly_data` VALUES ('2019-04-30', 282.62, 296.17, 231.13, 238.69, 15.9127, 230757873, 0);
INSERT INTO `tsla_monthly_data` VALUES ('2019-03-29', 306.94, 307.13, 254.46, 279.86, 18.6573, 213793753, 0);
INSERT INTO `tsla_monthly_data` VALUES ('2019-02-28', 305.42, 324.24, 288.77, 319.88, 21.3253, 128550254, 0);
INSERT INTO `tsla_monthly_data` VALUES ('2019-01-31', 306.1, 352, 279.28, 307.02, 20.468, 175660650, 0);
INSERT INTO `tsla_monthly_data` VALUES ('2018-12-31', 360, 379.49, 294.09, 332.8, 22.1867, 146451183, 0);
INSERT INTO `tsla_monthly_data` VALUES ('2018-11-30', 338.26, 366.75, 325, 350.48, 23.3653, 133019067, 0);
INSERT INTO `tsla_monthly_data` VALUES ('2018-10-31', 305.77, 347.16, 247.77, 337.32, 22.488, 286360727, 0);
INSERT INTO `tsla_monthly_data` VALUES ('2018-09-28', 296.94, 314.96, 252.25, 264.77, 17.6513, 196075479, 0);
INSERT INTO `tsla_monthly_data` VALUES ('2018-08-31', 297.99, 387.46, 288.2, 301.66, 20.1107, 277360157, 0);
INSERT INTO `tsla_monthly_data` VALUES ('2018-07-31', 360.07, 364.78, 286.13, 298.14, 19.876, 172357228, 0);
INSERT INTO `tsla_monthly_data` VALUES ('2018-06-29', 285.86, 373.73, 283.84, 342.95, 22.8633, 213424960, 0);
INSERT INTO `tsla_monthly_data` VALUES ('2018-05-31', 293.51, 312.99, 273.42, 284.73, 18.982, 155577968, 0);
INSERT INTO `tsla_monthly_data` VALUES ('2018-04-30', 256.26, 309.5, 244.59, 293.9, 19.5933, 190345295, 0);
INSERT INTO `tsla_monthly_data` VALUES ('2018-03-29', 345.01, 348.67, 248.21, 266.13, 17.742, 156356878, 0);
INSERT INTO `tsla_monthly_data` VALUES ('2018-02-28', 351, 359.99, 294.76, 343.06, 22.8707, 106577192, 0);
INSERT INTO `tsla_monthly_data` VALUES ('2018-01-31', 312, 360.5, 305.68, 354.31, 23.6207, 122930471, 0);
INSERT INTO `tsla_monthly_data` VALUES ('2017-12-29', 305.44, 347.44, 300, 311.35, 20.7567, 109078772, 0);
INSERT INTO `tsla_monthly_data` VALUES ('2017-11-30', 332.25, 332.6089, 292.63, 308.85, 20.59, 146728325, 0);
INSERT INTO `tsla_monthly_data` VALUES ('2017-10-31', 342.52, 363, 316.66, 331.53, 22.102, 121524280, 0);
INSERT INTO `tsla_monthly_data` VALUES ('2017-09-29', 356.12, 389.61, 335.4, 341.1, 22.74, 110620352, 0);
INSERT INTO `tsla_monthly_data` VALUES ('2017-08-31', 323, 370, 311.22, 355.9, 23.7267, 132609393, 0);
INSERT INTO `tsla_monthly_data` VALUES ('2017-07-31', 370.24, 371.35, 303.13, 323.47, 21.5647, 180152458, 0);
INSERT INTO `tsla_monthly_data` VALUES ('2017-06-30', 344, 386.99, 334.21, 361.61, 24.1073, 183792656, 0);
INSERT INTO `tsla_monthly_data` VALUES ('2017-05-31', 314.88, 342.89, 290.7601, 341.01, 22.734, 145440756, 0);
INSERT INTO `tsla_monthly_data` VALUES ('2017-04-28', 286.9, 314.8, 284.58, 314.07, 20.938, 116249563, 0);
INSERT INTO `tsla_monthly_data` VALUES ('2017-03-31', 254.18, 282, 242.781, 278.3, 18.5533, 107048530, 0);
INSERT INTO `tsla_monthly_data` VALUES ('2017-02-28', 253.05, 287.39, 242.01, 249.99, 16.666, 119540302, 0);
INSERT INTO `tsla_monthly_data` VALUES ('2017-01-31', 214.86, 258.46, 210.96, 251.93, 16.7953, 100683220, 0);
INSERT INTO `tsla_monthly_data` VALUES ('2016-12-30', 188.25, 223.8, 180, 213.69, 14.246, 87993345, 0);
INSERT INTO `tsla_monthly_data` VALUES ('2016-11-30', 198.04, 199.35, 178.19, 189.4, 12.6267, 98886097, 0);
INSERT INTO `tsla_monthly_data` VALUES ('2016-10-31', 212.3, 215.6688, 192, 197.73, 13.182, 92133590, 0);
INSERT INTO `tsla_monthly_data` VALUES ('2016-09-30', 209.01, 211.0999, 193.45, 204.03, 13.602, 70644512, 0);
INSERT INTO `tsla_monthly_data` VALUES ('2016-08-31', 235.5, 236.63, 208.65, 212.01, 14.134, 62291339, 0);
INSERT INTO `tsla_monthly_data` VALUES ('2016-07-29', 206.14, 235.28, 206, 234.79, 15.6527, 74068654, 0);
INSERT INTO `tsla_monthly_data` VALUES ('2016-06-30', 221.48, 240.845, 187.87, 212.28, 14.152, 121687759, 0);
INSERT INTO `tsla_monthly_data` VALUES ('2016-05-31', 241.5, 243.19, 203.6572, 223.23, 14.882, 103313344, 0);
INSERT INTO `tsla_monthly_data` VALUES ('2016-04-29', 244.825, 269.34, 233.25, 240.76, 16.0507, 135507264, 0);
INSERT INTO `tsla_monthly_data` VALUES ('2016-03-31', 194.25, 239.88, 181.5, 229.77, 15.318, 102729544, 0);
INSERT INTO `tsla_monthly_data` VALUES ('2016-02-29', 188.76, 199.52, 141.05, 191.93, 12.7953, 133705697, 0);
INSERT INTO `tsla_monthly_data` VALUES ('2016-01-29', 230.72, 231.38, 182.41, 191.2, 12.7467, 79247152, 0);
INSERT INTO `tsla_monthly_data` VALUES ('2015-12-31', 231.06, 243.634, 214.87, 240.01, 16.0007, 59852189, 0);
INSERT INTO `tsla_monthly_data` VALUES ('2015-11-30', 208.92, 234.5843, 205.8, 230.26, 15.3507, 78487987, 0);
INSERT INTO `tsla_monthly_data` VALUES ('2015-10-30', 247.51, 249.84, 202, 206.93, 13.7953, 100854710, 0);
INSERT INTO `tsla_monthly_data` VALUES ('2015-09-30', 240.34, 271.57, 236.97, 248.4, 16.56, 80218666, 0);
INSERT INTO `tsla_monthly_data` VALUES ('2015-08-31', 266.29, 271, 195, 249.06, 16.604, 113858937, 0);
INSERT INTO `tsla_monthly_data` VALUES ('2015-07-31', 271.11, 286.65, 250.79, 266.15, 17.7433, 80060910, 0);
INSERT INTO `tsla_monthly_data` VALUES ('2015-06-30', 251.41, 271.41, 245.68, 268.26, 17.884, 65473162, 0);
INSERT INTO `tsla_monthly_data` VALUES ('2015-05-29', 229.94, 252.8677, 220.25, 250.8, 16.72, 89127783, 0);
INSERT INTO `tsla_monthly_data` VALUES ('2015-04-30', 188.7, 238.75, 186.05, 226.05, 15.07, 98945034, 0);
INSERT INTO `tsla_monthly_data` VALUES ('2015-03-31', 202.7, 206.19, 181.4, 188.77, 12.5847, 122990032, 0);
INSERT INTO `tsla_monthly_data` VALUES ('2015-02-27', 203.97, 225.48, 193.28, 203.34, 13.556, 106717638, 0);
INSERT INTO `tsla_monthly_data` VALUES ('2015-01-30', 222.87, 223.25, 185, 203.6, 13.5733, 90121332, 0);
INSERT INTO `tsla_monthly_data` VALUES ('2014-12-31', 241.16, 242.47, 192.65, 222.41, 14.8273, 127100337, 0);
INSERT INTO `tsla_monthly_data` VALUES ('2014-11-28', 243, 259.99, 228.5, 244.52, 16.3013, 107731050, 0);
INSERT INTO `tsla_monthly_data` VALUES ('2014-10-31', 242.2, 265.54, 217.32, 241.7, 16.1133, 152148180, 0);
INSERT INTO `tsla_monthly_data` VALUES ('2014-09-30', 275.5, 291.42, 240.1249, 242.68, 16.1787, 132773043, 0);
INSERT INTO `tsla_monthly_data` VALUES ('2014-08-29', 226.09, 272, 226, 269.7, 17.98, 114710400, 0);
INSERT INTO `tsla_monthly_data` VALUES ('2014-07-31', 242.46, 243.44, 213.6, 223.3, 14.8867, 107871700, 0);
INSERT INTO `tsla_monthly_data` VALUES ('2014-06-30', 207.33, 244.49, 199.251, 240.06, 16.004, 123238200, 0);
INSERT INTO `tsla_monthly_data` VALUES ('2014-05-30', 207.08, 218.6596, 177.22, 207.77, 13.8513, 134810100, 0);
INSERT INTO `tsla_monthly_data` VALUES ('2014-04-30', 209.02, 235.73, 184.32, 207.89, 13.8593, 165207800, 0);
INSERT INTO `tsla_monthly_data` VALUES ('2014-03-31', 237.26, 260, 203, 208.45, 13.8967, 166685600, 0);
INSERT INTO `tsla_monthly_data` VALUES ('2014-02-28', 182.89, 265, 169.36, 244.81, 16.3207, 225954100, 0);
INSERT INTO `tsla_monthly_data` VALUES ('2014-01-31', 149.8, 186, 136.671, 181.41, 12.094, 183932300, 0);
INSERT INTO `tsla_monthly_data` VALUES ('2013-12-31', 126.35, 158, 123.931, 150.429, 10.0286, 197637900, 0);
INSERT INTO `tsla_monthly_data` VALUES ('2013-11-29', 163, 181.43, 116.1, 127.28, 8.4853, 308388500, 0);
INSERT INTO `tsla_monthly_data` VALUES ('2013-10-31', 193.96, 194.23, 153, 159.94, 10.6627, 258454800, 0);
INSERT INTO `tsla_monthly_data` VALUES ('2013-09-30', 173.4, 194.5, 158.51, 193.37, 12.8913, 171210600, 0);
INSERT INTO `tsla_monthly_data` VALUES ('2013-08-30', 135, 173, 132.36, 169, 11.2667, 259266600, 0);
INSERT INTO `tsla_monthly_data` VALUES ('2013-07-31', 109.36, 137.49, 104.5, 134.28, 8.952, 229528200, 0);
INSERT INTO `tsla_monthly_data` VALUES ('2013-06-28', 97.62, 110.25, 88.25, 107.36, 7.1573, 179114700, 0);
INSERT INTO `tsla_monthly_data` VALUES ('2013-05-31', 55.99, 114.9, 53, 97.76, 6.5173, 331220900, 0);
INSERT INTO `tsla_monthly_data` VALUES ('2013-04-30', 42.36, 58.18, 40.2105, 53.99, 3.5993, 81548100, 0);
INSERT INTO `tsla_monthly_data` VALUES ('2013-03-28', 35, 39.49, 34.25, 37.89, 2.526, 29655000, 0);
INSERT INTO `tsla_monthly_data` VALUES ('2013-02-28', 38.17, 40, 33.8, 34.83, 2.322, 44256000, 0);
INSERT INTO `tsla_monthly_data` VALUES ('2013-01-31', 35, 38.71, 32.11, 37.51, 2.5007, 28464600, 0);
INSERT INTO `tsla_monthly_data` VALUES ('2012-12-31', 33.89, 35.8, 32.75, 33.87, 2.258, 21714300, 0);
INSERT INTO `tsla_monthly_data` VALUES ('2012-11-30', 28.25, 34.29, 28.2, 33.82, 2.2547, 23760900, 0);
INSERT INTO `tsla_monthly_data` VALUES ('2012-10-31', 29.5, 30.1, 26.86, 28.1314, 1.8754, 17620900, 0);
INSERT INTO `tsla_monthly_data` VALUES ('2012-09-28', 28.52, 32.78, 27.295, 29.28, 1.952, 33295100, 0);
INSERT INTO `tsla_monthly_data` VALUES ('2012-08-31', 27.99, 31.3, 25.52, 28.52, 1.9013, 24482100, 0);
INSERT INTO `tsla_monthly_data` VALUES ('2012-07-31', 31.35, 36, 27.21, 27.42, 1.828, 32543400, 0);
INSERT INTO `tsla_monthly_data` VALUES ('2012-06-29', 28.53, 34.5, 27.11, 31.29, 2.086, 26127100, 0);
INSERT INTO `tsla_monthly_data` VALUES ('2012-05-31', 33.13, 34.68, 26.83, 29.5, 1.9667, 34185300, 0);
INSERT INTO `tsla_monthly_data` VALUES ('2012-04-30', 37.33, 38.4696, 31, 33.13, 2.2087, 22752900, 0);
INSERT INTO `tsla_monthly_data` VALUES ('2012-03-30', 33.51, 39.95, 32.62, 37.24, 2.4827, 22163500, 0);
INSERT INTO `tsla_monthly_data` VALUES ('2012-02-29', 29.07, 34.97, 29, 33.41, 2.2273, 23193600, 0);
INSERT INTO `tsla_monthly_data` VALUES ('2012-01-31', 28.94, 30, 22.64, 29.07, 1.938, 25609900, 0);
INSERT INTO `tsla_monthly_data` VALUES ('2011-12-30', 32.57, 35, 26.03, 28.56, 1.904, 21128500, 0);
INSERT INTO `tsla_monthly_data` VALUES ('2011-11-30', 28.39, 35, 28, 32.74, 2.1827, 25846800, 0);
INSERT INTO `tsla_monthly_data` VALUES ('2011-10-31', 24.95, 30, 22.93, 29.37, 1.958, 21662600, 0);
INSERT INTO `tsla_monthly_data` VALUES ('2011-09-30', 24.66, 26.99, 22.29, 24.39, 1.626, 18021500, 0);
INSERT INTO `tsla_monthly_data` VALUES ('2011-08-31', 28.67, 29.2, 21.5, 24.74, 1.6493, 27215700, 0);
INSERT INTO `tsla_monthly_data` VALUES ('2011-07-29', 29.07, 30.44, 26.63, 28.17, 1.878, 21102100, 0);
INSERT INTO `tsla_monthly_data` VALUES ('2011-06-30', 30, 31.5, 25.5, 29.13, 1.942, 39727300, 0);
INSERT INTO `tsla_monthly_data` VALUES ('2011-05-31', 27.6, 30.28, 25.52, 30.14, 2.0093, 30348800, 0);
INSERT INTO `tsla_monthly_data` VALUES ('2011-04-29', 27.45, 28.18, 24.2, 27.6, 1.84, 29894900, 0);
INSERT INTO `tsla_monthly_data` VALUES ('2011-03-31', 24.05, 28.71, 21.77, 27.75, 1.85, 32563300, 0);
INSERT INTO `tsla_monthly_data` VALUES ('2011-02-28', 24.31, 25.49, 21.11, 23.89, 1.5927, 29303500, 0);
INSERT INTO `tsla_monthly_data` VALUES ('2011-01-31', 26.84, 28.71, 22.37, 24.1, 1.6067, 28420100, 0);
INSERT INTO `tsla_monthly_data` VALUES ('2010-12-31', 35.87, 36.42, 25, 26.63, 1.7753, 36892900, 0);
INSERT INTO `tsla_monthly_data` VALUES ('2010-11-30', 21.94, 36, 21.05, 35.33, 2.3553, 28315100, 0);
INSERT INTO `tsla_monthly_data` VALUES ('2010-10-29', 20.69, 21.87, 20, 21.84, 1.456, 6547800, 0);
INSERT INTO `tsla_monthly_data` VALUES ('2010-09-30', 19.62, 23.16, 19.5, 20.405, 1.3603, 18045900, 0);
INSERT INTO `tsla_monthly_data` VALUES ('2010-08-31', 20.5, 22.18, 17.39, 19.48, 1.2987, 15038200, 0);
INSERT INTO `tsla_monthly_data` VALUES ('2010-07-30', 25, 25.92, 14.98, 19.94, 1.3293, 64575800, 0);

SET FOREIGN_KEY_CHECKS = 1;
